id,sales_volume,rating
1,8531,3.2
2,6251,2.2
3,1406,2.0
4,5595,4.5
5,8384,4.0
6,9996,4.5
7,2491,2.1
8,7773,1.7
9,7604,3.7
10,2968,1.9
11,7822,1.3
12,9996,1.2
13,5027,1.7
14,1223,3.4
15,1442,1.0
16,3463,3.4
17,7859,4.2
18,9152,1.5
19,2219,3.7
20,728,1.0
21,8783,2.1
22,6947,1.6
23,8213,4.0
24,6204,3.0
25,6137,3.0
26,1202,4.2
27,913,1.8
28,1967,1.8
29,5612,3.4
30,5320,2.0
31,6837,1.8
32,5810,3.9
33,1415,3.8
34,6003,1.5
35,3652,1.8
36,7891,3.2
37,2973,3.4
38,9592,1.6
39,4517,4.0
40,5747,1.1
41,1110,3.6
42,6671,3.8
43,7934,1.7
44,291,2.8
45,7535,1.2
46,9765,3.3
47,2217,3.7
48,7758,2.2
49,5766,4.3
50,6974,3.3
51,3508,4.9
52,6048,4.4
53,7921,3.8
54,4577,3.5
55,970,5.0
56,3171,3.1
57,9604,1.6
58,1885,1.9
59,491,4.0
60,9946,4.6
61,7716,1.7
62,53,2.7
63,8947,4.5
64,5001,1.8
65,2693,1.9
66,8075,2.0
67,5264,1.4
68,9439,2.2
69,712,1.2
70,69,1.6
71,7890,4.3
72,1295,2.4
73,7190,2.9
74,834,2.9
75,2647,1.5
76,8757,3.0
77,4815,5.0
78,8619,4.4
79,8523,1.4
80,1852,3.0
81,2089,2.7
82,5409,1.9
83,5344,2.7
84,1842,3.8
85,7263,4.9
86,1437,2.7
87,524,4.0
88,7779,2.4
89,2094,3.5
90,7732,4.3
91,9337,4.4
92,7058,1.4
93,9692,3.9
94,8305,2.9
95,1671,3.2
96,5149,4.7
97,4900,3.9
98,1218,4.4
99,5601,3.2
100,4497,1.4
101,8193,3.9
102,7081,4.6
103,7781,2.8
104,5213,3.2
105,9003,4.7
106,7546,1.1
107,331,2.7
108,1880,2.5
109,3007,3.1
110,9603,3.1
111,9558,1.5
112,868,3.4
113,4783,4.5
114,8619,2.8
115,2612,4.6
116,1693,3.5
117,3222,3.1
118,4227,3.0
119,40,4.6
120,7034,2.2
121,7030,4.2
122,684,1.3
123,4583,1.3
124,1454,1.9
125,8883,1.9
126,4239,1.1
127,4709,5.0
128,5853,4.9
129,6006,3.3
130,6938,1.2
131,353,4.1
132,8692,1.4
133,3402,3.1
134,145,3.9
135,7221,3.3
136,4531,1.8
137,1311,1.4
138,4636,4.1
139,4503,2.5
140,5121,2.6
141,6644,4.0
142,91,4.8
143,523,3.1
144,7028,1.4
145,7400,2.7
146,4765,4.2
147,4701,4.6
148,9386,1.9
149,4361,4.3
150,6193,2.6
151,4132,2.5
152,7732,2.0
153,6751,2.0
154,9250,2.9
155,6073,1.2
156,5315,3.7
157,3011,2.4
158,443,1.6
159,8874,3.6
160,3366,2.9
161,3404,2.1
162,2930,1.8
163,5617,2.2
164,3298,1.7
165,9160,3.5
166,133,1.7
167,6537,1.2
168,4304,2.0
169,9697,4.2
170,2946,1.7
171,527,2.6
172,8840,1.8
173,5714,2.9
174,9708,4.9
175,6491,4.1
176,4399,3.3
177,8821,4.9
178,5437,4.8
179,3358,3.9
180,3142,4.3
181,2064,1.4
182,2174,1.4
183,6820,1.2
184,9447,1.9
185,5752,4.7
186,3797,3.3
187,2587,4.1
188,385,3.1
189,9361,4.1
190,4253,1.8
191,1557,1.8
192,3697,2.0
193,3494,4.9
194,7725,2.0
195,7804,4.9
196,5292,3.0
197,2446,4.9
198,6903,2.0
199,1987,1.7
200,2699,1.8
201,3008,3.4
202,352,3.7
203,6814,2.1
204,926,3.0
205,7230,4.6
206,3600,3.1
207,8894,4.6
208,5721,4.7
209,6267,3.9
210,9660,1.0
211,5040,3.3
212,5065,4.4
213,8698,4.1
214,2157,3.9
215,7509,4.6
216,6664,4.3
217,6152,1.6
218,8219,1.4
219,476,4.4
220,4335,3.5
221,7404,4.5
222,7289,3.6
223,1878,3.5
224,3976,3.9
225,2341,1.2
226,189,2.4
227,3399,3.2
228,2251,2.4
229,3572,2.8
230,5758,1.9
231,4458,1.0
232,9576,1.9
233,2620,4.9
234,5315,3.1
235,7044,3.4
236,2956,5.0
237,3348,3.4
238,2410,5.0
239,8382,1.4
240,4023,4.3
241,591,2.4
242,6104,2.4
243,7404,2.5
244,1287,4.2
245,2389,2.1
246,3398,1.3
247,9396,4.1
248,3178,2.9
249,3121,3.1
250,100,2.8
251,7703,4.4
252,8831,1.7
253,2525,2.3
254,9364,2.8
255,6530,1.1
256,294,1.8
257,7146,2.5
258,3573,3.3
259,9066,1.5
260,8391,3.3
261,8086,4.1
262,6537,3.0
263,1005,4.5
264,2930,1.9
265,1838,1.8
266,7227,4.9
267,1871,2.4
268,6900,4.9
269,5898,2.4
270,48,4.8
271,8032,1.7
272,8021,1.6
273,4754,2.0
274,6884,3.1
275,6519,4.8
276,1945,3.8
277,280,2.0
278,9858,2.4
279,1607,2.3
280,1180,4.5
281,534,3.9
282,1216,2.6
283,9648,1.7
284,4755,1.2
285,7408,4.7
286,5860,3.6
287,7222,1.5
288,8082,2.4
289,2665,3.8
290,9439,3.5
291,3374,4.2
292,5483,3.8
293,3777,4.4
294,8415,2.2
295,7401,4.7
296,7031,3.7
297,6867,3.6
298,6665,2.5
299,5614,2.3
300,3053,4.3
301,4377,4.0
302,8570,1.8
303,4036,1.8
304,7870,2.1
305,3808,4.9
306,2719,3.0
307,8291,1.6
308,5287,2.9
309,8341,1.5
310,4592,3.8
311,9888,1.8
312,2836,3.3
313,3451,2.3
314,3371,1.0
315,739,1.4
316,5286,3.8
317,1249,1.3
318,7044,2.1
319,402,1.8
320,7429,3.1
321,6937,3.7
322,4504,3.1
323,3882,4.1
324,9379,1.8
325,879,2.9
326,5349,2.3
327,987,4.5
328,385,3.6
329,8259,2.9
330,10000,4.6
331,1270,1.3
332,2674,1.7
333,1588,3.8
334,7689,3.1
335,3803,3.1
336,6230,1.6
337,5566,3.7
338,9937,4.3
339,735,2.2
340,2736,4.1
341,3577,3.2
342,479,2.1
343,713,3.2
344,6652,2.5
345,238,3.2
346,7390,2.9
347,392,4.6
348,7569,2.1
349,5182,2.7
350,8999,1.6
351,3594,1.4
352,823,4.6
353,5663,2.8
354,8594,3.9
355,5223,1.5
356,9228,2.9
357,6311,2.5
358,8251,1.2
359,1720,4.9
360,6718,1.5
361,8725,3.6
362,434,4.6
363,8106,3.6
364,7832,3.2
365,7198,3.3
366,7334,2.1
367,8818,3.9
368,2342,2.6
369,5441,3.0
370,5417,4.1
371,8253,1.9
372,5331,3.8
373,2635,4.3
374,2738,4.6
375,453,2.8
376,4154,4.9
377,58,1.5
378,5808,3.5
379,7848,4.7
380,7045,2.1
381,9086,1.6
382,4588,3.2
383,7916,2.4
384,5171,2.1
385,4889,3.2
386,404,4.1
387,1998,3.3
388,1746,3.9
389,6145,1.4
390,3051,3.7
391,9671,3.6
392,2510,3.6
393,1190,3.7
394,8687,3.6
395,4884,3.8
396,235,1.9
397,8500,2.1
398,7011,2.7
399,947,2.2
400,8678,1.0
401,2183,1.3
402,4627,1.1
403,2181,2.9
404,2779,1.3
405,3263,2.5
406,2121,2.4
407,8096,2.4
408,8044,2.6
409,3468,5.0
410,8336,4.7
411,6986,2.8
412,5866,3.3
413,1370,3.9
414,7647,2.5
415,683,1.4
416,8783,1.5
417,8074,4.9
418,1270,1.6
419,9370,2.1
420,7940,1.5
421,3498,3.1
422,5224,1.8
423,4012,1.4
424,3427,3.5
425,4692,1.0
426,673,2.8
427,5394,4.1
428,8901,2.9
429,2709,4.0
430,620,3.5
431,6762,4.0
432,1557,4.2
433,2782,1.3
434,7047,4.3
435,7044,2.0
436,1704,1.2
437,7991,1.7
438,6803,3.7
439,9839,4.7
440,1417,1.7
441,9983,2.3
442,7811,1.3
443,2891,1.0
444,7100,2.3
445,1064,1.5
446,2207,2.4
447,4160,1.6
448,3323,2.9
449,2338,1.2
450,4705,3.8
451,4073,2.1
452,2310,3.0
453,5353,1.5
454,8150,1.6
455,5231,4.8
456,9522,3.1
457,9440,1.8
458,3228,3.9
459,4400,3.9
460,5324,4.7
461,8263,4.8
462,1806,4.3
463,6496,2.1
464,7992,3.5
465,7458,3.3
466,940,1.9
467,9771,2.5
468,9634,4.6
469,5601,3.3
470,3508,3.3
471,6401,3.2
472,2162,4.4
473,7442,4.1
474,4417,2.7
475,227,2.4
476,4379,3.2
477,8236,3.4
478,4429,4.7
479,1316,2.1
480,7210,1.7
481,6548,2.8
482,4122,3.9
483,6777,4.5
484,5557,1.6
485,840,2.7
486,5897,2.9
487,1003,1.3
488,8003,3.7
489,8705,4.3
490,4649,3.9
491,5457,1.6
492,7269,1.9
493,3870,4.7
494,8738,2.4
495,3641,2.7
496,7238,3.3
497,5707,4.5
498,1891,3.5
499,4058,2.0
500,6805,2.7
501,6499,3.5
502,5006,3.7
503,6472,4.5
504,5075,3.7
505,7050,1.0
506,4144,1.2
507,8028,3.9
508,6302,4.9
509,5468,3.5
510,5670,3.4
511,6415,1.1
512,6438,4.6
513,6919,1.4
514,7094,3.9
515,6902,2.2
516,6306,1.3
517,8611,4.9
518,1328,4.5
519,5892,1.6
520,2757,3.2
521,1417,1.0
522,1155,4.9
523,1484,4.7
524,3389,1.5
525,4758,3.7
526,4242,4.1
527,7318,4.7
528,7278,4.4
529,7942,1.8
530,848,2.2
531,186,3.5
532,9954,3.2
533,3563,2.9
534,8076,2.1
535,5797,2.1
536,5538,2.4
537,5270,2.2
538,1970,2.8
539,5262,3.7
540,2574,4.0
541,6921,3.4
542,4633,2.3
543,5808,1.8
544,2437,4.2
545,3390,1.1
546,2857,4.1
547,7619,4.3
548,6637,1.7
549,8530,3.9
550,8079,1.4
551,2218,5.0
552,4618,1.4
553,5983,1.1
554,2616,2.8
555,8389,2.7
556,3359,4.9
557,6902,1.3
558,6005,2.4
559,4837,3.0
560,7432,2.7
561,1433,4.6
562,77,1.9
563,6847,2.8
564,3697,1.5
565,6050,4.7
566,4727,2.3
567,7204,2.7
568,3091,1.6
569,2374,2.7
570,5882,4.2
571,8602,3.5
572,9571,3.9
573,7093,4.0
574,2709,2.0
575,8112,4.1
576,5477,3.5
577,2439,1.0
578,9965,1.6
579,9372,2.5
580,9244,1.1
581,3677,3.6
582,1731,3.4
583,5053,3.7
584,2904,2.7
585,2451,3.1
586,9102,3.7
587,5918,2.4
588,279,3.9
589,573,2.3
590,2366,2.8
591,5565,2.5
592,6997,1.5
593,9902,1.0
594,6842,4.3
595,2078,3.8
596,6358,2.7
597,918,3.2
598,5930,2.5
599,1361,3.0
600,2944,3.8
601,5196,1.4
602,9801,2.1
603,5728,3.1
604,9112,4.3
605,7879,1.3
606,949,3.4
607,1856,5.0
608,7919,3.2
609,1678,4.9
610,8407,2.2
611,9814,3.9
612,2904,1.4
613,6075,4.1
614,6457,3.0
615,7237,3.4
616,6738,1.0
617,1676,4.0
618,552,2.8
619,9236,2.4
620,8488,1.8
621,8390,1.3
622,9754,3.4
623,5610,1.5
624,8552,2.3
625,4551,1.7
626,4923,2.1
627,1939,2.7
628,4088,4.7
629,1520,3.2
630,2593,4.4
631,4231,3.5
632,4753,5.0
633,7896,3.2
634,6895,1.7
635,6789,3.3
636,484,1.8
637,963,2.7
638,3677,2.8
639,3825,2.9
640,1678,2.2
641,1717,3.6
642,2817,2.4
643,2495,2.8
644,7490,4.7
645,8366,2.1
646,6771,2.6
647,339,2.8
648,6462,1.6
649,5014,2.0
650,7068,2.2
651,1622,1.3
652,2629,4.9
653,3969,2.2
654,3767,3.8
655,7435,3.8
656,8708,4.6
657,9146,2.4
658,873,1.8
659,5267,2.4
660,3521,2.2
661,5789,4.5
662,6657,5.0
663,3042,2.6
664,857,1.7
665,7432,4.5
666,7029,2.1
667,6997,3.3
668,3186,1.4
669,5450,1.5
670,1110,1.6
671,9599,2.7
672,7129,2.0
673,9945,4.3
674,7970,4.9
675,5354,3.2
676,3966,4.7
677,8724,3.8
678,297,3.5
679,8851,2.4
680,8657,2.0
681,9273,4.0
682,4079,1.5
683,5426,4.6
684,9164,2.9
685,216,3.3
686,150,4.9
687,8745,2.1
688,6639,2.7
689,5064,4.2
690,6072,4.9
691,5513,4.8
692,1440,3.3
693,2786,2.7
694,8073,3.5
695,6821,1.5
696,1008,2.5
697,6159,4.5
698,2879,3.6
699,1844,1.5
700,2319,2.9
701,7220,3.6
702,2207,3.3
703,3165,2.4
704,2049,2.8
705,2920,3.1
706,1066,2.5
707,2897,3.8
708,3526,1.8
709,320,3.3
710,285,1.2
711,3355,4.3
712,1535,2.2
713,8936,3.9
714,3272,1.9
715,8538,4.9
716,7018,4.4
717,8790,1.3
718,5336,1.1
719,5776,4.8
720,5258,1.7
721,8040,1.3
722,9111,3.6
723,2305,3.8
724,2796,4.3
725,7038,4.6
726,8662,3.1
727,701,5.0
728,4894,1.2
729,9907,1.7
730,9823,1.3
731,3248,1.2
732,2152,3.1
733,3473,4.3
734,503,4.9
735,1434,4.7
736,5416,1.0
737,5085,4.0
738,7533,2.9
739,5706,1.1
740,9005,4.3
741,505,2.6
742,8864,1.2
743,7916,3.6
744,7666,1.9
745,68,1.3
746,3683,4.4
747,5523,2.4
748,9223,4.7
749,5129,1.2
750,2153,4.6
751,6249,1.9
752,3643,1.6
753,6627,1.9
754,9313,3.6
755,6220,4.4
756,1241,1.2
757,7341,2.0
758,5586,4.7
759,411,4.7
760,9246,1.7
761,7098,3.3
762,3355,1.8
763,2911,4.8
764,6042,3.1
765,8991,1.8
766,7579,4.0
767,2831,4.2
768,7490,3.7
769,9963,2.5
770,2169,3.8
771,2350,3.6
772,2642,1.1
773,6540,1.3
774,5683,2.9
775,4608,4.6
776,4324,1.0
777,4319,3.0
778,5377,4.8
779,4716,4.7
780,4155,4.3
781,4431,3.1
782,4955,4.2
783,4113,2.8
784,234,4.4
785,6501,3.5
786,4903,2.8
787,3595,2.0
788,7393,1.7
789,2501,3.3
790,3046,2.7
791,2842,1.8
792,5928,4.3
793,3044,1.0
794,3925,1.9
795,6312,2.6
796,1321,4.4
797,2596,3.8
798,2450,1.7
799,5931,1.2
800,3937,3.6
801,1169,3.8
802,8838,1.9
803,9004,2.8
804,7484,4.0
805,8561,3.6
806,1073,1.9
807,6913,4.0
808,8595,3.7
809,1652,2.6
810,4313,1.8
811,4851,4.2
812,2645,3.6
813,1643,1.1
814,9693,1.6
815,3744,1.2
816,4788,2.6
817,1027,4.6
818,4253,1.7
819,8059,2.6
820,5952,1.5
821,1638,4.3
822,2207,2.4
823,7686,1.5
824,9744,4.9
825,7060,3.2
826,5958,3.3
827,6164,4.3
828,6913,4.7
829,7201,3.0
830,4031,4.2
831,9984,4.5
832,3658,1.4
833,3181,3.2
834,5142,2.5
835,9068,3.0
836,6766,4.3
837,4405,1.5
838,1271,3.2
839,6228,1.9
840,5352,2.8
841,643,4.5
842,3251,4.0
843,3091,2.8
844,6504,1.4
845,5454,4.1
846,7678,1.3
847,4314,4.3
848,332,4.4
849,1460,4.1
850,5354,3.2
851,6442,1.2
852,9526,1.3
853,7285,3.5
854,1059,3.4
855,479,4.1
856,1044,2.5
857,3872,2.6
858,8800,2.9
859,7121,3.3
860,4306,4.0
861,2073,4.1
862,3445,2.8
863,9648,1.2
864,9375,1.2
865,6547,3.1
866,4075,4.5
867,1973,2.0
868,4744,3.6
869,2896,2.4
870,733,3.8
871,4981,4.8
872,120,4.6
873,7300,2.7
874,5281,4.4
875,1416,3.5
876,4897,3.3
877,879,4.3
878,3165,3.9
879,2701,1.0
880,7356,2.4
881,1193,3.5
882,6991,1.8
883,5956,4.9
884,191,4.5
885,5765,1.5
886,3160,4.7
887,1179,1.5
888,7840,1.8
889,4503,4.9
890,3755,1.1
891,1081,4.7
892,3260,4.0
893,1703,4.2
894,7336,4.8
895,9350,2.0
896,7703,3.4
897,5184,1.2
898,4086,1.5
899,7546,1.5
900,5950,1.1
901,7325,2.1
902,2499,3.8
903,5327,1.3
904,520,4.7
905,8912,3.5
906,8994,2.3
907,4013,1.0
908,2178,4.3
909,1976,3.5
910,4006,4.9
911,1574,4.7
912,9376,1.4
913,6397,4.7
914,281,2.9
915,5715,2.1
916,3204,5.0
917,5210,1.5
918,5901,3.3
919,9891,3.4
920,3476,1.1
921,9139,3.2
922,3193,4.4
923,3363,3.0
924,9664,1.3
925,5705,1.1
926,4068,4.4
927,4941,2.1
928,8157,2.0
929,3977,4.4
930,5512,3.5
931,3302,4.0
932,3143,3.2
933,1539,3.6
934,3926,1.9
935,2992,4.2
936,2638,1.3
937,5510,1.7
938,15,4.4
939,9384,3.4
940,3525,3.8
941,5727,2.9
942,5567,2.7
943,436,4.7
944,6518,3.2
945,593,2.7
946,2007,1.8
947,8153,1.6
948,6718,2.2
949,7847,3.5
950,5016,4.6
951,7221,1.0
952,700,3.9
953,4552,2.7
954,5939,4.5
955,1183,4.7
956,2178,2.5
957,416,4.3
958,9529,4.3
959,1869,1.6
960,8040,4.2
961,2146,4.4
962,8998,1.5
963,132,4.2
964,5115,3.8
965,1025,3.6
966,5448,3.6
967,1022,1.1
968,83,1.4
969,8581,2.8
970,3968,4.5
971,3128,4.8
972,4073,2.7
973,5340,4.6
974,8791,3.7
975,4370,4.7
976,9886,3.7
977,6013,1.1
978,3448,3.2
979,6514,4.3
980,7951,1.4
981,3781,3.1
982,2754,4.9
983,5140,4.3
984,1176,4.4
985,2444,1.9
986,8230,2.7
987,5674,2.4
988,3942,1.2
989,4234,1.1
990,6276,3.9
991,6977,4.1
992,6896,3.0
993,9301,2.5
994,8862,4.7
995,9060,2.0
996,4984,4.3
997,9135,4.2
998,901,1.2
999,1978,3.9
1000,3801,1.4
1001,470,1.7
1002,6250,1.6
1003,972,4.3
1004,3743,2.2
1005,5053,2.9
1006,9109,4.5
1007,491,2.4
1008,3765,2.3
1009,1052,3.1
1010,8709,2.2
1011,2875,3.0
1012,6828,3.2
1013,7247,4.1
1014,894,4.4
1015,4729,3.8
1016,7309,1.3
1017,6992,1.4
1018,4687,1.4
1019,9765,3.5
1020,2615,3.0
1021,1581,1.2
1022,6050,2.2
1023,3481,1.8
1024,4801,3.5
1025,2867,4.8
1026,9988,1.6
1027,9837,2.9
1028,7437,4.3
1029,1440,1.7
1030,1196,4.8
1031,1849,3.6
1032,8313,2.4
1033,1095,3.7
1034,9568,5.0
1035,8782,1.2
1036,3210,2.1
1037,7276,2.0
1038,9630,4.7
1039,9163,3.3
1040,8209,2.3
1041,5868,2.9
1042,9917,2.6
1043,751,4.2
1044,2236,4.0
1045,5123,3.7
1046,3457,1.7
1047,5268,4.3
1048,127,4.3
1049,4966,1.1
1050,8465,4.0
1051,7993,4.6
1052,9609,3.7
1053,9482,2.5
1054,2875,4.1
1055,5374,4.1
1056,3680,3.4
1057,559,2.7
1058,5071,1.6
1059,8482,1.4
1060,2058,4.2
1061,4186,2.3
1062,8776,4.6
1063,6519,3.6
1064,3799,4.8
1065,9963,4.2
1066,6435,2.4
1067,3739,2.0
1068,7536,3.7
1069,5423,4.7
1070,7641,2.1
1071,9295,3.5
1072,2353,4.4
1073,9123,3.9
1074,3999,4.0
1075,9493,4.3
1076,2900,2.1
1077,1456,4.3
1078,6242,4.7
1079,9030,3.3
1080,5538,3.0
1081,2625,4.5
1082,4871,2.9
1083,3331,3.6
1084,1038,3.3
1085,4240,4.6
1086,4997,1.6
1087,4147,3.8
1088,8314,3.4
1089,5636,1.5
1090,5244,3.6
1091,9364,2.4
1092,6597,4.2
1093,2957,2.0
1094,3189,1.1
1095,336,3.9
1096,5861,4.8
1097,1318,2.7
1098,3886,1.3
1099,9794,2.3
1100,158,1.4
1101,3647,1.6
1102,3833,2.4
1103,5588,1.2
1104,2653,2.6
1105,8129,3.7
1106,2465,4.3
1107,2969,2.0
1108,921,2.7
1109,325,1.8
1110,9516,1.0
1111,7705,2.1
1112,7000,3.0
1113,5052,1.6
1114,561,1.4
1115,6406,4.4
1116,4962,3.4
1117,1014,4.7
1118,4228,4.3
1119,2849,4.7
1120,2262,1.5
1121,6185,2.8
1122,8534,3.0
1123,8341,3.9
1124,6231,2.2
1125,4282,4.3
1126,7181,2.4
1127,4457,2.9
1128,1620,2.1
1129,7290,1.2
1130,4628,1.8
1131,8831,2.4
1132,2804,1.9
1133,2289,2.6
1134,7217,2.3
1135,5927,1.2
1136,8143,3.9
1137,2668,3.2
1138,22,3.0
1139,9206,4.1
1140,607,3.5
1141,8582,4.7
1142,8581,1.7
1143,9326,3.5
1144,9276,4.6
1145,8355,4.2
1146,6472,4.2
1147,1982,2.2
1148,4284,2.3
1149,3751,2.6
1150,2986,3.4
1151,4039,2.6
1152,6564,1.8
1153,8063,4.6
1154,4013,2.5
1155,4607,2.0
1156,6496,3.6
1157,3211,1.1
1158,3256,2.6
1159,5886,1.8
1160,2955,1.2
1161,2082,4.9
1162,8853,1.7
1163,8107,3.6
1164,1702,4.2
1165,5071,3.0
1166,3015,1.7
1167,4015,2.1
1168,3156,4.8
1169,8618,3.6
1170,6084,3.0
1171,1083,1.1
1172,7398,1.3
1173,4817,3.1
1174,5271,2.2
1175,6488,4.3
1176,1258,1.8
1177,3638,4.5
1178,7209,1.5
1179,9046,4.8
1180,4488,2.2
1181,1185,1.3
1182,859,3.0
1183,9613,4.6
1184,7364,1.8
1185,4646,3.8
1186,4277,2.7
1187,7150,3.7
1188,9539,3.1
1189,3596,4.0
1190,8614,2.8
1191,1912,2.4
1192,1469,2.4
1193,6814,1.4
1194,9402,5.0
1195,9227,3.5
1196,2078,2.6
1197,598,2.7
1198,8543,2.0
1199,666,4.2
1200,8542,3.3
1201,8281,4.5
1202,4748,1.1
1203,1099,3.1
1204,6839,4.8
1205,1801,4.9
1206,1667,4.1
1207,1943,4.7
1208,7352,1.8
1209,1842,3.9
1210,7833,4.7
1211,983,5.0
1212,9310,3.6
1213,2588,1.8
1214,6801,4.6
1215,5667,3.6
1216,1024,1.4
1217,7711,1.5
1218,7461,4.9
1219,8352,4.9
1220,9997,2.7
1221,2340,2.4
1222,594,4.0
1223,9179,1.3
1224,5104,3.7
1225,2297,2.1
1226,7497,4.8
1227,3847,4.5
1228,6450,3.1
1229,1050,4.1
1230,5594,4.7
1231,604,3.1
1232,7972,4.5
1233,4421,2.6
1234,7582,1.0
1235,8951,1.2
1236,9870,1.3
1237,324,3.5
1238,8308,3.2
1239,9472,1.9
1240,7371,4.7
1241,3816,2.4
1242,5732,3.1
1243,3380,1.0
1244,3810,3.4
1245,8594,3.1
1246,4797,2.6
1247,7416,4.7
1248,48,2.9
1249,5147,3.2
1250,6216,4.2
1251,4867,2.9
1252,8726,3.9
1253,1098,3.5
1254,7991,1.1
1255,4371,2.8
1256,8924,4.4
1257,4241,3.0
1258,5527,2.8
1259,7116,4.7
1260,8002,4.3
1261,4345,3.9
1262,4636,1.8
1263,238,4.4
1264,8726,1.8
1265,1477,4.6
1266,6342,1.5
1267,193,3.0
1268,9778,2.8
1269,7222,1.0
1270,2323,4.8
1271,815,1.1
1272,8425,3.4
1273,6523,3.5
1274,1162,1.1
1275,847,1.2
1276,873,1.6
1277,3322,4.9
1278,2449,4.9
1279,8727,2.6
1280,9372,5.0
1281,564,4.1
1282,8588,2.1
1283,9106,4.3
1284,6563,2.0
1285,5726,4.8
1286,3906,4.6
1287,1468,4.8
1288,6518,2.4
1289,7095,1.4
1290,8236,3.5
1291,5930,4.7
1292,745,3.3
1293,2811,1.1
1294,5541,3.8
1295,3714,3.6
1296,6306,3.1
1297,286,2.7
1298,809,3.5
1299,916,4.7
1300,2654,2.8
1301,1500,1.5
1302,1756,1.9
1303,5280,1.5
1304,714,1.5
1305,5187,4.1
1306,2885,3.6
1307,9287,2.6
1308,802,2.6
1309,716,1.3
1310,8120,3.0
1311,4929,3.8
1312,545,4.8
1313,301,1.8
1314,1167,1.3
1315,9461,4.7
1316,8221,2.8
1317,7765,2.7
1318,713,2.2
1319,1597,4.0
1320,5237,1.8
1321,5170,2.3
1322,4425,3.3
1323,2377,3.3
1324,8461,4.8
1325,3432,1.2
1326,5727,2.9
1327,9738,4.5
1328,7925,3.1
1329,7966,1.1
1330,5840,3.0
1331,509,2.8
1332,8363,1.7
1333,1296,2.8
1334,2760,3.5
1335,5000,1.7
1336,602,4.3
1337,9627,1.1
1338,7417,2.0
1339,5761,4.2
1340,3729,2.4
1341,6660,2.7
1342,2845,3.1
1343,2438,3.0
1344,60,1.1
1345,1833,4.3
1346,3509,1.9
1347,1463,2.0
1348,6546,4.3
1349,9750,3.2
1350,4560,3.6
1351,2445,4.1
1352,670,3.8
1353,1338,2.4
1354,8611,4.0
1355,5675,4.2
1356,3374,4.8
1357,1141,3.0
1358,3970,4.7
1359,6757,4.9
1360,257,4.7
1361,4455,1.5
1362,9725,3.4
1363,9308,2.7
1364,6852,2.9
1365,1587,1.6
1366,7675,2.7
1367,9498,3.0
1368,636,1.4
1369,865,4.7
1370,1624,2.4
1371,6051,2.8
1372,1049,3.3
1373,9089,4.7
1374,4803,3.0
1375,3372,1.0
1376,2256,2.9
1377,2516,3.8
1378,5316,4.6
1379,3606,4.8
1380,439,2.5
1381,1205,3.4
1382,8281,1.6
1383,6381,1.4
1384,3067,3.1
1385,1070,3.7
1386,5820,4.7
1387,6242,1.7
1388,5555,4.3
1389,8275,2.7
1390,6969,4.8
1391,5796,3.5
1392,1713,3.8
1393,7348,2.6
1394,5211,1.5
1395,6175,1.9
1396,2281,2.9
1397,2071,1.2
1398,8394,2.6
1399,5261,2.3
1400,7949,4.0
1401,7978,1.9
1402,6629,4.7
1403,5677,3.5
1404,1859,3.4
1405,443,1.4
1406,1771,3.9
1407,2423,3.9
1408,1190,2.6
1409,1840,2.5
1410,8569,2.0
1411,6146,4.1
1412,8603,4.5
1413,2496,1.1
1414,7804,4.8
1415,1782,2.1
1416,7371,2.6
1417,4110,2.9
1418,9457,1.4
1419,9907,3.8
1420,3816,3.3
1421,287,1.6
1422,6360,1.2
1423,1434,4.7
1424,6249,3.8
1425,6802,4.2
1426,4710,3.7
1427,8490,3.8
1428,1893,3.3
1429,3035,4.1
1430,8384,4.1
1431,8592,3.7
1432,8273,1.8
1433,3372,3.0
1434,5735,1.9
1435,4521,1.1
1436,4521,4.7
1437,3807,3.0
1438,6843,1.3
1439,9232,1.5
1440,9260,2.8
1441,4962,1.9
1442,4681,3.6
1443,9228,2.0
1444,7720,4.4
1445,8982,3.9
1446,9120,4.3
1447,7498,4.2
1448,7063,2.0
1449,7659,1.1
1450,7625,4.4
1451,3287,1.9
1452,4325,2.3
1453,409,4.4
1454,6468,1.7
1455,7059,3.1
1456,4115,3.7
1457,3429,2.2
1458,65,5.0
1459,9230,4.6
1460,3601,3.8
1461,9470,1.8
1462,8282,4.4
1463,4075,2.2
1464,2168,3.1
1465,659,4.9
1466,4325,2.5
1467,3744,4.3
1468,8591,2.4
1469,9564,4.1
1470,4861,4.4
1471,5833,3.6
1472,5213,3.7
1473,5884,2.6
1474,8257,2.0
1475,4432,4.7
1476,9403,2.1
1477,7441,1.5
1478,9345,2.4
1479,2998,2.4
1480,4678,2.6
1481,3646,3.5
1482,2969,4.6
1483,7092,1.5
1484,4656,4.2
1485,6322,2.0
1486,1732,4.7
1487,7137,4.9
1488,754,3.6
1489,1876,4.0
1490,2995,1.2
1491,3652,2.7
1492,2617,3.7
1493,5887,2.3
1494,2089,3.3
1495,6496,4.3
1496,9093,3.8
1497,923,1.7
1498,117,4.3
1499,8257,2.3
1500,5673,2.3
1501,197,2.4
1502,370,4.4
1503,5911,2.2
1504,9702,1.1
1505,5772,3.2
1506,2922,4.9
1507,7143,2.6
1508,7768,3.5
1509,8301,3.6
1510,7765,1.2
1511,4968,2.5
1512,5951,1.2
1513,1283,3.3
1514,8919,2.5
1515,1968,4.8
1516,2650,4.0
1517,6442,2.7
1518,8981,1.7
1519,1253,2.6
1520,7441,4.1
1521,9405,4.7
1522,5652,2.7
1523,4684,2.5
1524,3244,3.9
1525,4714,2.9
1526,5680,1.4
1527,8552,3.7
1528,4474,3.5
1529,280,1.8
1530,5738,1.7
1531,219,1.7
1532,9364,3.0
1533,6630,3.8
1534,3011,3.8
1535,8954,3.8
1536,5936,3.7
1537,2090,4.9
1538,4908,2.9
1539,8334,4.8
1540,2503,2.7
1541,3322,3.4
1542,7691,2.3
1543,8155,4.8
1544,2816,1.7
1545,9142,3.5
1546,8821,2.5
1547,2264,4.8
1548,8699,4.7
1549,1453,4.7
1550,2091,3.7
1551,3593,3.6
1552,5628,1.3
1553,673,3.3
1554,8550,4.4
1555,8643,1.7
1556,8983,2.0
1557,3919,2.4
1558,4904,1.3
1559,4707,2.2
1560,8240,2.5
1561,2645,4.9
1562,4897,2.2
1563,8497,1.0
1564,6671,3.8
1565,4857,4.9
1566,7656,3.8
1567,3000,1.9
1568,3241,4.8
1569,4273,4.5
1570,8293,4.6
1571,8888,4.5
1572,1278,3.6
1573,1512,4.2
1574,3224,1.9
1575,5031,2.0
1576,2512,2.3
1577,93,2.2
1578,869,3.6
1579,4580,4.3
1580,8960,4.2
1581,9402,2.8
1582,7005,3.3
1583,9913,2.5
1584,417,2.9
1585,2539,2.8
1586,4257,4.8
1587,2954,4.6
1588,8494,4.5
1589,3243,2.4
1590,2551,3.7
1591,1132,4.6
1592,5976,1.5
1593,336,1.9
1594,5921,4.1
1595,3801,2.4
1596,3115,3.4
1597,3623,2.8
1598,3278,4.3
1599,4869,2.8
1600,804,1.9
1601,866,1.6
1602,1785,2.0
1603,4285,4.6
1604,2688,4.2
1605,6061,1.8
1606,7699,1.6
1607,8270,4.5
1608,5394,4.3
1609,8438,3.6
1610,103,3.2
1611,9933,4.5
1612,6162,1.3
1613,7772,3.2
1614,3236,3.0
1615,6186,4.6
1616,4638,3.8
1617,5246,2.8
1618,4314,4.4
1619,6969,1.6
1620,8622,2.6
1621,6238,2.9
1622,5805,4.9
1623,4775,1.6
1624,396,3.6
1625,6061,1.9
1626,2174,1.1
1627,2417,4.2
1628,7369,4.2
1629,7234,3.4
1630,715,1.2
1631,7791,1.2
1632,8827,2.6
1633,4584,1.2
1634,1,2.6
1635,4384,1.1
1636,294,4.8
1637,1975,2.1
1638,3574,4.7
1639,9558,2.6
1640,2819,1.2
1641,12,1.2
1642,2538,3.8
1643,8549,2.0
1644,5603,3.1
1645,6093,3.8
1646,9509,4.0
1647,4140,1.7
1648,1080,1.2
1649,1460,3.5
1650,9523,1.2
1651,2668,1.5
1652,8409,3.2
1653,9812,2.8
1654,5822,1.4
1655,4229,4.6
1656,6690,3.9
1657,4391,2.7
1658,2679,2.6
1659,3410,4.5
1660,3934,4.4
1661,4043,1.8
1662,5190,4.8
1663,700,4.4
1664,3135,4.9
1665,9376,3.0
1666,8230,4.5
1667,4083,4.3
1668,9503,4.4
1669,9904,2.5
1670,3658,1.8
1671,9493,4.3
1672,9116,1.1
1673,710,3.3
1674,3448,4.5
1675,6406,4.5
1676,4259,3.4
1677,8746,2.6
1678,3020,2.6
1679,3247,1.1
1680,7912,2.6
1681,1315,1.9
1682,7982,3.0
1683,5303,3.3
1684,8442,2.6
1685,9454,4.9
1686,4865,3.8
1687,5437,1.1
1688,8258,4.8
1689,4170,4.4
1690,9754,3.3
1691,8796,2.0
1692,3070,4.3
1693,6281,1.3
1694,8673,4.3
1695,1862,4.5
1696,5327,3.3
1697,1396,1.3
1698,6892,3.9
1699,4746,2.7
1700,2292,4.0
1701,1173,3.2
1702,84,3.9
1703,184,2.2
1704,528,4.9
1705,4597,4.4
1706,2359,1.9
1707,147,2.3
1708,4295,3.9
1709,7906,1.1
1710,2557,4.4
1711,9362,1.1
1712,6318,1.1
1713,8239,2.8
1714,6400,4.8
1715,5957,2.8
1716,3921,2.5
1717,8075,4.0
1718,1985,4.5
1719,8546,4.2
1720,9890,4.1
1721,3475,1.7
1722,7974,1.8
1723,8864,2.7
1724,6080,1.7
1725,426,2.7
1726,1558,3.1
1727,4386,3.3
1728,2667,2.2
1729,8230,4.9
1730,2937,1.3
1731,5639,4.4
1732,8321,3.2
1733,3540,4.4
1734,5910,3.2
1735,6485,4.8
1736,1671,4.0
1737,4030,4.2
1738,6455,1.3
1739,2677,1.5
1740,5696,4.1
1741,3999,2.8
1742,8080,3.8
1743,4314,1.2
1744,6585,3.8
1745,9938,2.7
1746,3902,2.1
1747,8092,3.1
1748,5231,4.4
1749,4212,2.4
1750,5556,3.2
1751,8885,4.0
1752,4107,2.5
1753,101,1.2
1754,8426,4.5
1755,5103,2.1
1756,1838,4.6
1757,6797,3.1
1758,5915,2.0
1759,9952,2.5
1760,7430,4.1
1761,2351,1.9
1762,2841,3.4
1763,4090,2.2
1764,1007,2.0
1765,1074,1.9
1766,370,1.8
1767,5607,2.2
1768,2100,4.4
1769,5157,1.1
1770,6901,2.4
1771,6692,1.4
1772,2306,2.4
1773,4262,2.1
1774,3997,2.4
1775,4325,3.7
1776,8483,3.1
1777,1097,4.4
1778,1635,4.5
1779,5974,2.2
1780,4341,3.0
1781,4454,1.2
1782,1903,3.2
1783,61,2.6
1784,3346,3.3
1785,4228,1.7
1786,6379,2.5
1787,7651,1.9
1788,8892,3.4
1789,3573,4.3
1790,6393,2.1
1791,5264,1.9
1792,2002,2.0
1793,6744,2.9
1794,740,1.9
1795,4048,1.7
1796,3956,3.6
1797,1869,4.2
1798,8546,1.2
1799,7907,4.4
1800,4017,4.2
1801,6201,2.6
1802,222,3.5
1803,3538,2.7
1804,184,3.8
1805,5791,3.2
1806,8619,4.2
1807,3486,4.6
1808,7877,3.0
1809,692,4.7
1810,4739,2.4
1811,2831,3.7
1812,1677,1.1
1813,856,2.1
1814,1721,3.3
1815,9620,2.0
1816,7671,4.1
1817,6361,2.6
1818,8949,2.9
1819,89,4.3
1820,7266,4.0
1821,4322,1.4
1822,9120,4.5
1823,8411,2.7
1824,6446,2.7
1825,7518,2.3
1826,7256,1.2
1827,2452,1.9
1828,4049,2.5
1829,9617,4.0
1830,2174,1.2
1831,4803,3.7
1832,264,3.3
1833,2401,4.2
1834,4100,3.3
1835,2853,1.4
1836,3156,1.9
1837,2921,4.0
1838,822,2.8
1839,3391,3.8
1840,4358,2.6
1841,7336,1.3
1842,6704,2.3
1843,4058,2.3
1844,5850,3.4
1845,2773,4.6
1846,5842,3.7
1847,7139,1.5
1848,5000,2.9
1849,9475,3.1
1850,2649,4.9
1851,9338,2.1
1852,3199,3.5
1853,4354,2.5
1854,5406,2.0
1855,4198,4.6
1856,2947,1.5
1857,5175,4.6
1858,1160,4.2
1859,3568,1.2
1860,4014,2.2
1861,1601,3.7
1862,5444,3.1
1863,6558,1.9
1864,5839,3.7
1865,8214,4.2
1866,2997,2.3
1867,3453,1.1
1868,40,2.5
1869,8993,3.8
1870,6418,1.4
1871,2591,3.6
1872,7745,3.2
1873,9238,1.1
1874,2891,2.7
1875,6801,2.7
1876,1474,4.5
1877,3327,2.0
1878,5186,4.9
1879,812,2.8
1880,3752,2.1
1881,5638,4.3
1882,8160,2.4
1883,1408,4.6
1884,5543,4.3
1885,522,3.1
1886,8731,3.0
1887,7211,1.8
1888,8918,3.7
1889,1198,2.8
1890,1241,1.7
1891,9406,3.8
1892,9329,3.2
1893,9268,2.4
1894,1443,1.3
1895,801,3.8
1896,3373,3.6
1897,9445,3.5
1898,8146,3.6
1899,2531,4.1
1900,5286,2.8
1901,4874,4.0
1902,3876,2.6
1903,1720,3.6
1904,3592,4.5
1905,1786,3.7
1906,5591,4.0
1907,8864,1.5
1908,6227,3.8
1909,1128,2.3
1910,3546,4.7
1911,5947,1.4
1912,4502,3.8
1913,8290,4.5
1914,7005,3.0
1915,4217,3.2
1916,1314,3.0
1917,9537,2.9
1918,1271,3.6
1919,3502,1.7
1920,4132,2.9
1921,2316,1.1
1922,7574,4.5
1923,1004,2.1
1924,863,1.7
1925,9423,4.3
1926,726,2.8
1927,3469,4.8
1928,988,4.6
1929,628,1.3
1930,6681,1.8
1931,5030,3.7
1932,6203,1.7
1933,4143,3.3
1934,3550,4.7
1935,5822,2.2
1936,8962,3.7
1937,6480,4.3
1938,4428,4.9
1939,4492,4.4
1940,7721,3.2
1941,2042,4.1
1942,9487,1.4
1943,8907,3.6
1944,4894,4.4
1945,4574,2.6
1946,1841,2.5
1947,4643,4.2
1948,377,2.1
1949,289,2.5
1950,4357,2.1
1951,3607,4.8
1952,5495,2.1
1953,4415,3.8
1954,9634,2.3
1955,7001,1.6
1956,5615,2.8
1957,4829,4.1
1958,9727,1.8
1959,4263,3.8
1960,6930,3.3
1961,2466,2.8
1962,3022,1.3
1963,26,1.5
1964,560,2.3
1965,2987,4.3
1966,9122,4.6
1967,7465,4.2
1968,7860,3.9
1969,3300,1.4
1970,5758,1.1
1971,4647,1.5
1972,361,2.7
1973,7496,4.5
1974,7637,2.5
1975,2114,2.8
1976,8553,2.7
1977,17,2.1
1978,2307,3.0
1979,4906,1.9
1980,1112,1.9
1981,5549,1.2
1982,8434,1.0
1983,6076,4.6
1984,3651,3.5
1985,5875,4.9
1986,7834,1.1
1987,2199,4.5
1988,5291,2.6
1989,1674,4.2
1990,9789,4.0
1991,4682,2.8
1992,6469,4.3
1993,804,4.1
1994,1129,2.3
1995,6957,1.5
1996,3828,4.7
1997,7941,1.9
1998,178,1.6
1999,2256,3.3
2000,3547,1.1
2001,6067,3.8
2002,7622,3.6
2003,2333,4.9
2004,863,4.4
2005,2015,3.6
2006,6475,4.6
2007,9032,1.0
2008,9122,2.9
2009,2523,2.2
2010,9600,1.4
2011,1404,4.5
2012,3909,1.1
2013,7646,3.6
2014,9099,2.4
2015,4785,3.2
2016,421,3.3
2017,3830,2.7
2018,7481,2.7
2019,5791,2.7
2020,936,3.8
2021,6357,4.6
2022,8320,3.5
2023,5290,4.6
2024,6478,3.2
2025,6131,2.6
2026,5256,1.4
2027,7078,3.4
2028,1805,2.0
2029,6200,4.4
2030,3512,1.4
2031,4891,1.0
2032,4775,1.3
2033,1180,3.5
2034,324,2.2
2035,5841,3.9
2036,392,4.6
2037,9755,2.4
2038,3308,2.3
2039,7416,3.6
2040,8840,1.5
2041,8404,2.1
2042,4668,2.4
2043,5033,4.0
2044,4378,2.5
2045,3539,4.3
2046,6131,3.4
2047,7108,4.0
2048,8533,3.0
2049,7062,3.4
2050,4989,2.2
2051,1941,2.9
2052,9128,1.9
2053,1702,3.5
2054,4734,3.0
2055,5922,4.5
2056,6082,1.1
2057,3387,4.6
2058,1082,3.4
2059,3449,1.1
2060,851,3.6
2061,7132,4.1
2062,997,3.4
2063,6345,3.6
2064,4190,3.9
2065,6184,4.5
2066,3266,3.3
2067,3884,3.6
2068,553,4.6
2069,7011,3.8
2070,6038,1.4
2071,1396,3.7
2072,7905,4.1
2073,3201,3.8
2074,5809,1.3
2075,8022,3.3
2076,8801,4.0
2077,6791,1.3
2078,1154,1.0
2079,1656,1.1
2080,9261,2.9
2081,6858,2.7
2082,1307,4.0
2083,4057,2.2
2084,7360,2.9
2085,2453,1.3
2086,1184,4.1
2087,8607,2.4
2088,6874,2.2
2089,6796,3.8
2090,9288,1.0
2091,4646,3.0
2092,246,2.5
2093,4067,3.7
2094,4290,2.3
2095,4564,3.5
2096,2956,3.6
2097,2272,1.2
2098,6664,1.6
2099,6138,1.3
2100,4774,2.8
2101,1241,1.9
2102,5857,4.6
2103,2822,1.3
2104,8631,3.4
2105,1618,4.3
2106,8458,1.7
2107,395,4.6
2108,8487,1.2
2109,74,4.2
2110,2346,2.4
2111,5724,1.5
2112,787,3.5
2113,3495,2.9
2114,3468,2.6
2115,3308,4.3
2116,60,4.1
2117,2110,1.1
2118,6281,2.3
2119,7262,1.3
2120,3650,4.6
2121,2512,2.0
2122,11,3.0
2123,5168,1.3
2124,5172,1.4
2125,1164,1.7
2126,9633,4.2
2127,8080,3.7
2128,3677,3.7
2129,1889,4.0
2130,7708,2.1
2131,1973,1.9
2132,1435,3.5
2133,359,2.7
2134,9013,3.8
2135,4724,4.6
2136,4910,2.9
2137,8977,3.5
2138,2198,1.8
2139,4852,5.0
2140,2446,3.2
2141,6879,1.9
2142,4319,3.2
2143,4960,1.8
2144,3865,1.6
2145,4376,2.5
2146,9696,1.8
2147,3369,4.9
2148,2637,1.2
2149,4144,3.6
2150,8564,2.2
2151,285,1.2
2152,7867,3.2
2153,6754,2.7
2154,2160,4.6
2155,6726,4.8
2156,2577,3.6
2157,891,4.9
2158,5159,2.4
2159,599,4.2
2160,3333,1.5
2161,5303,2.2
2162,5718,4.3
2163,8134,1.2
2164,4022,1.4
2165,3185,3.5
2166,7195,2.7
2167,614,3.5
2168,3573,4.1
2169,4178,1.6
2170,9873,3.9
2171,2734,4.7
2172,5174,4.9
2173,6671,2.6
2174,3182,1.3
2175,5022,2.8
2176,8810,1.1
2177,6858,4.3
2178,8505,2.7
2179,4197,4.6
2180,7106,1.1
2181,2317,4.2
2182,2453,1.8
2183,6571,3.0
2184,5777,2.8
2185,4574,2.9
2186,22,3.5
2187,8575,1.5
2188,1828,4.2
2189,2876,4.7
2190,131,4.3
2191,3812,3.3
2192,4830,4.1
2193,8356,3.9
2194,4929,2.0
2195,6927,4.7
2196,8112,4.5
2197,8185,2.6
2198,2280,2.7
2199,6208,1.6
2200,2678,1.4
2201,3172,1.0
2202,2819,2.8
2203,8082,2.5
2204,6068,2.8
2205,9551,2.9
2206,261,3.6
2207,2094,1.3
2208,8272,3.0
2209,5618,2.9
2210,8642,3.3
2211,1232,2.6
2212,3226,4.2
2213,8307,1.7
2214,8860,4.5
2215,7226,4.3
2216,493,3.5
2217,6402,1.3
2218,6903,2.4
2219,7812,4.2
2220,2497,4.6
2221,9698,1.9
2222,8450,4.4
2223,5653,5.0
2224,1899,2.8
2225,2411,3.4
2226,9976,3.3
2227,1334,3.7
2228,774,4.1
2229,208,1.1
2230,9704,1.9
2231,3054,1.7
2232,7270,4.6
2233,3580,1.1
2234,3253,1.9
2235,4507,1.9
2236,254,4.5
2237,6479,4.7
2238,8599,4.5
2239,1267,1.7
2240,7334,2.4
2241,3233,3.0
2242,847,2.5
2243,1656,1.4
2244,3562,4.1
2245,6803,2.5
2246,7933,4.2
2247,5842,1.5
2248,1832,4.3
2249,8589,2.4
2250,9225,1.0
2251,3349,2.2
2252,9223,1.8
2253,3684,2.1
2254,9828,4.2
2255,925,3.0
2256,1810,2.2
2257,1012,2.3
2258,7164,1.4
2259,5927,4.6
2260,6647,3.2
2261,8834,1.4
2262,5609,1.7
2263,7540,3.7
2264,5927,3.2
2265,7143,4.8
2266,1957,3.7
2267,4903,1.7
2268,7037,3.0
2269,5276,1.1
2270,4774,1.2
2271,2929,2.4
2272,1499,2.6
2273,7505,4.1
2274,3474,3.0
2275,6727,2.5
2276,5794,2.3
2277,4259,4.4
2278,2792,3.7
2279,6260,4.2
2280,1863,1.8
2281,4429,1.2
2282,3476,4.5
2283,2801,2.0
2284,1043,4.1
2285,6591,1.9
2286,8467,3.2
2287,3696,2.7
2288,744,4.9
2289,7270,4.0
2290,821,4.1
2291,5738,2.1
2292,5431,2.5
2293,8182,2.9
2294,9686,1.3
2295,2022,1.6
2296,6161,4.8
2297,6494,4.4
2298,4855,1.3
2299,5219,1.3
2300,9356,2.5
2301,3573,3.4
2302,1842,1.4
2303,4996,1.0
2304,3385,1.4
2305,4459,2.3
2306,326,1.5
2307,5274,4.3
2308,6793,3.7
2309,2544,2.1
2310,112,1.9
2311,5565,2.4
2312,1366,1.4
2313,5027,1.6
2314,4581,3.2
2315,7544,4.5
2316,6058,3.8
2317,2420,1.1
2318,5217,4.6
2319,6272,2.5
2320,2433,1.4
2321,6573,2.1
2322,8430,2.0
2323,5706,3.9
2324,1357,2.5
2325,3387,4.4
2326,7435,4.1
2327,33,3.4
2328,4173,2.6
2329,6045,1.3
2330,3422,3.0
2331,9838,1.4
2332,1112,4.8
2333,2041,3.6
2334,554,1.7
2335,9795,1.3
2336,8870,2.3
2337,9260,2.2
2338,7725,1.1
2339,4566,1.7
2340,9755,3.4
2341,9913,1.1
2342,9623,3.8
2343,5184,4.0
2344,1627,3.8
2345,2500,4.8
2346,274,1.7
2347,7639,3.1
2348,4336,4.3
2349,3860,2.6
2350,1619,3.9
2351,3933,4.3
2352,364,1.5
2353,6026,3.7
2354,5329,2.7
2355,5526,2.2
2356,5006,1.5
2357,3741,3.8
2358,1509,2.4
2359,3361,1.1
2360,6944,3.0
2361,7595,3.2
2362,8481,1.7
2363,9412,1.3
2364,1887,3.4
2365,5043,1.6
2366,7634,4.0
2367,9919,2.8
2368,1715,3.7
2369,6518,2.8
2370,1406,1.1
2371,7208,2.2
2372,5987,3.2
2373,4853,4.1
2374,8166,3.1
2375,7611,4.2
2376,8978,1.2
2377,5233,2.2
2378,9807,2.7
2379,6576,3.6
2380,1594,3.2
2381,9153,2.0
2382,1926,3.5
2383,8471,3.7
2384,4722,4.9
2385,3152,3.4
2386,9177,1.3
2387,3268,4.9
2388,3527,1.6
2389,2853,2.4
2390,19,3.5
2391,6666,1.0
2392,7768,1.3
2393,3506,3.5
2394,5806,1.8
2395,9690,4.6
2396,4229,2.2
2397,9669,3.3
2398,2039,4.8
2399,1297,4.6
2400,5809,1.6
2401,9221,3.9
2402,7246,3.5
2403,3585,2.4
2404,6773,2.0
2405,8145,4.2
2406,9246,1.2
2407,9336,4.1
2408,6141,3.1
2409,7081,1.5
2410,5482,4.0
2411,5346,3.5
2412,9975,3.0
2413,8784,2.1
2414,4524,2.6
2415,6027,4.2
2416,1233,2.5
2417,9408,1.9
2418,7901,1.6
2419,1622,1.7
2420,8460,2.5
2421,2267,1.8
2422,7832,1.4
2423,9353,2.7
2424,9057,1.9
2425,1232,1.2
2426,1640,3.4
2427,2230,3.3
2428,8032,2.4
2429,7173,1.8
2430,4348,4.1
2431,7061,1.2
2432,1071,2.7
2433,7014,4.2
2434,8847,1.5
2435,7424,1.0
2436,8655,2.9
2437,3294,1.3
2438,6327,3.3
2439,1368,2.6
2440,9510,2.7
2441,9846,1.3
2442,4898,4.3
2443,4996,2.7
2444,1696,3.9
2445,7314,4.6
2446,6271,1.6
2447,2429,3.1
2448,6081,2.0
2449,253,2.0
2450,1997,3.0
2451,9409,2.7
2452,1651,1.9
2453,1979,2.1
2454,7721,4.0
2455,9112,3.1
2456,376,4.0
2457,8829,2.6
2458,9831,1.5
2459,441,4.8
2460,4615,4.7
2461,3077,4.0
2462,3209,3.6
2463,909,1.8
2464,1159,4.1
2465,1663,3.5
2466,6809,3.1
2467,9863,1.0
2468,5082,2.5
2469,1596,1.5
2470,6622,1.0
2471,1803,4.2
2472,6491,2.2
2473,2198,1.8
2474,742,2.1
2475,4014,4.0
2476,1548,2.7
2477,1655,4.2
2478,3554,4.4
2479,7578,3.2
2480,8312,1.7
2481,6449,2.9
2482,297,2.7
2483,7227,2.8
2484,7455,1.8
2485,9228,2.2
2486,5812,1.8
2487,4872,1.8
2488,4078,3.7
2489,3362,2.8
2490,5631,2.8
2491,5363,1.3
2492,6441,2.6
2493,9110,2.0
2494,9693,2.8
2495,4161,4.8
2496,3983,2.8
2497,9781,4.9
2498,6053,2.6
2499,9522,4.3
2500,9861,4.8
2501,4502,2.0
2502,7107,2.1
2503,6796,1.2
2504,8699,3.0
2505,9127,1.6
2506,3821,1.6
2507,3312,4.9
2508,885,5.0
2509,9157,2.6
2510,1929,2.4
2511,4910,3.2
2512,4040,1.7
2513,6342,4.1
2514,8804,4.9
2515,797,4.3
2516,8451,1.5
2517,1627,3.0
2518,3110,1.5
2519,6994,3.8
2520,9986,3.6
2521,291,3.1
2522,1031,4.1
2523,919,3.3
2524,4215,2.7
2525,4965,3.0
2526,461,3.6
2527,3030,3.0
2528,6315,2.5
2529,4138,4.8
2530,5075,4.5
2531,3536,5.0
2532,6819,1.5
2533,6845,3.5
2534,4119,1.5
2535,2997,4.6
2536,7854,2.8
2537,9180,2.4
2538,4360,1.7
2539,2385,2.7
2540,194,1.5
2541,2813,2.1
2542,8438,4.8
2543,1952,4.1
2544,1605,3.1
2545,1333,2.1
2546,6953,5.0
2547,5422,3.6
2548,9101,2.2
2549,8017,2.3
2550,3931,1.1
2551,6645,3.8
2552,8394,3.2
2553,9442,4.1
2554,5296,1.2
2555,6837,3.1
2556,3041,3.9
2557,9269,3.4
2558,2384,1.1
2559,1159,1.0
2560,7006,2.4
2561,5555,3.4
2562,9071,1.8
2563,6077,3.8
2564,7638,2.7
2565,4059,1.7
2566,7523,3.6
2567,2142,1.7
2568,9945,4.5
2569,9664,1.1
2570,674,2.3
2571,9644,2.9
2572,2004,1.4
2573,871,1.9
2574,8442,5.0
2575,7131,2.1
2576,8479,3.8
2577,2687,1.2
2578,8517,2.0
2579,6985,3.9
2580,4717,1.7
2581,474,3.1
2582,1107,3.8
2583,4342,1.3
2584,7530,1.6
2585,5350,2.9
2586,6963,2.8
2587,1558,2.4
2588,6750,4.0
2589,3937,1.9
2590,7664,2.6
2591,9355,3.4
2592,5459,1.5
2593,1314,2.3
2594,6678,3.8
2595,4459,3.4
2596,9845,2.3
2597,8562,4.4
2598,1901,2.9
2599,2159,1.4
2600,7437,3.2
2601,8634,1.6
2602,7025,3.0
2603,7400,2.2
2604,547,4.9
2605,2752,4.5
2606,8844,1.8
2607,2721,3.4
2608,9569,3.7
2609,6252,3.1
2610,7223,1.4
2611,2491,4.0
2612,490,3.6
2613,4173,2.7
2614,5138,1.4
2615,4661,3.0
2616,2193,2.0
2617,8102,1.2
2618,7592,3.0
2619,7922,3.5
2620,9962,1.8
2621,1430,4.2
2622,8371,4.2
2623,8816,2.8
2624,3143,4.9
2625,9969,1.6
2626,8559,1.4
2627,1508,3.0
2628,7535,4.6
2629,9572,2.6
2630,6071,4.3
2631,315,2.7
2632,4606,3.8
2633,5848,3.5
2634,7296,2.7
2635,9202,4.6
2636,6274,4.8
2637,9294,3.1
2638,5749,3.7
2639,752,2.3
2640,70,1.5
2641,5243,4.1
2642,8745,3.4
2643,1937,1.0
2644,9556,3.7
2645,64,3.8
2646,1685,2.7
2647,9863,3.1
2648,4670,3.5
2649,3436,2.1
2650,8587,2.1
2651,4462,2.9
2652,2682,3.4
2653,7925,1.6
2654,934,3.9
2655,768,3.3
2656,7297,3.8
2657,448,1.3
2658,2789,2.8
2659,2458,3.2
2660,3654,3.3
2661,579,1.4
2662,5708,2.0
2663,2203,4.6
2664,58,1.8
2665,5078,2.7
2666,341,3.6
2667,240,3.6
2668,6297,4.1
2669,9355,3.8
2670,2612,1.6
2671,6744,4.5
2672,834,4.8
2673,7384,5.0
2674,1334,4.2
2675,6467,1.1
2676,1399,3.7
2677,3271,3.6
2678,878,1.5
2679,4916,1.2
2680,6309,4.8
2681,414,4.8
2682,4415,3.4
2683,7127,1.0
2684,8826,4.8
2685,9211,3.9
2686,3487,4.0
2687,3813,3.9
2688,4148,1.0
2689,9476,3.0
2690,287,3.0
2691,892,3.5
2692,965,2.1
2693,8806,3.5
2694,412,1.7
2695,5277,4.4
2696,1655,2.5
2697,5964,1.7
2698,1517,1.7
2699,6172,1.8
2700,7694,4.4
2701,4149,1.2
2702,4388,2.1
2703,9860,1.8
2704,6028,2.1
2705,6511,1.3
2706,1806,2.0
2707,240,4.4
2708,3400,1.0
2709,3671,3.7
2710,2340,4.3
2711,6993,2.5
2712,696,2.2
2713,3281,3.1
2714,9176,4.8
2715,1245,3.1
2716,9383,2.9
2717,5191,4.1
2718,709,3.7
2719,5163,4.3
2720,908,4.7
2721,8971,1.2
2722,4155,3.8
2723,5086,1.6
2724,5576,4.5
2725,8569,2.5
2726,246,2.3
2727,1408,2.6
2728,1400,4.2
2729,3388,3.5
2730,8569,1.2
2731,4978,3.0
2732,5377,2.3
2733,5377,1.3
2734,2537,1.6
2735,7491,2.3
2736,5358,5.0
2737,974,2.3
2738,7121,2.1
2739,8617,3.1
2740,1884,3.5
2741,3076,4.1
2742,3430,1.3
2743,8160,3.0
2744,4915,3.4
2745,1000,2.1
2746,8206,1.4
2747,3118,2.5
2748,4565,5.0
2749,2021,4.2
2750,2727,3.4
2751,4095,2.5
2752,9147,3.4
2753,666,3.2
2754,1353,3.4
2755,9401,3.3
2756,5145,3.9
2757,2734,1.8
2758,4567,2.3
2759,5602,4.3
2760,4365,1.5
2761,9649,1.6
2762,7984,2.6
2763,3989,4.4
2764,2160,1.2
2765,4983,3.6
2766,200,2.3
2767,8806,4.2
2768,8257,1.9
2769,6717,2.2
2770,2681,4.6
2771,2383,2.4
2772,2856,2.4
2773,2505,3.5
2774,3745,1.3
2775,7452,2.5
2776,3142,3.1
2777,9040,2.6
2778,4170,2.5
2779,9874,4.5
2780,3323,3.1
2781,9196,2.8
2782,6735,3.7
2783,7721,4.1
2784,6328,4.3
2785,5034,2.4
2786,7241,1.7
2787,554,3.3
2788,8869,4.8
2789,6792,3.0
2790,9225,4.7
2791,1188,2.1
2792,2793,1.1
2793,1392,3.1
2794,7587,3.1
2795,7425,4.0
2796,6627,2.8
2797,3222,2.2
2798,359,3.7
2799,3773,2.7
2800,3923,3.1
2801,5715,4.8
2802,5929,2.6
2803,3149,2.3
2804,7359,1.4
2805,1959,3.1
2806,6713,3.2
2807,2677,3.2
2808,4746,2.6
2809,9115,1.3
2810,3400,3.4
2811,7057,3.6
2812,7313,4.8
2813,5569,1.3
2814,6101,4.6
2815,7394,3.2
2816,4887,2.1
2817,5875,3.9
2818,2094,2.9
2819,3056,3.7
2820,6007,1.4
2821,2286,3.3
2822,5218,1.5
2823,5250,2.1
2824,5556,2.9
2825,5683,3.0
2826,2063,4.5
2827,3192,3.6
2828,9293,3.6
2829,2099,2.1
2830,7021,1.3
2831,8598,1.7
2832,1199,2.4
2833,6750,4.4
2834,8403,3.0
2835,3719,3.4
2836,9086,2.4
2837,2777,2.2
2838,3218,1.5
2839,1760,4.9
2840,3115,4.3
2841,2570,1.9
2842,6789,2.9
2843,8551,4.8
2844,1138,4.8
2845,53,3.1
2846,1467,2.8
2847,1152,3.2
2848,687,3.5
2849,6046,3.9
2850,1669,4.4
2851,7477,3.9
2852,7081,3.4
2853,3719,4.1
2854,5838,3.3
2855,5639,4.2
2856,9920,4.4
2857,295,1.9
2858,2275,1.3
2859,5501,2.7
2860,5778,1.0
2861,5488,4.8
2862,1658,2.7
2863,254,3.0
2864,5976,4.0
2865,1259,3.1
2866,1087,4.9
2867,5492,1.9
2868,5895,2.0
2869,1988,1.0
2870,7785,4.0
2871,9580,2.9
2872,6721,2.1
2873,5360,2.7
2874,7716,1.0
2875,7767,1.9
2876,7891,4.1
2877,4523,3.1
2878,5884,3.7
2879,5187,3.9
2880,7493,3.8
2881,9350,1.1
2882,2122,4.9
2883,8966,1.9
2884,6338,2.9
2885,1351,1.2
2886,4618,4.1
2887,5016,4.0
2888,8373,4.0
2889,940,4.8
2890,9887,3.7
2891,8260,2.6
2892,415,4.5
2893,552,1.0
2894,8701,3.1
2895,7828,1.4
2896,7776,3.0
2897,7686,4.9
2898,9109,1.5
2899,8652,1.0
2900,90,3.5
2901,9677,3.9
2902,4913,2.2
2903,2465,4.4
2904,7980,2.6
2905,4098,1.7
2906,9241,3.5
2907,2547,2.4
2908,3535,2.8
2909,9299,1.5
2910,3368,2.1
2911,5014,4.4
2912,6507,4.2
2913,1921,1.1
2914,7947,2.9
2915,16,4.1
2916,3442,2.2
2917,9870,2.2
2918,6132,2.4
2919,7350,1.6
2920,6335,3.4
2921,1538,4.9
2922,8634,2.7
2923,8729,4.5
2924,8540,3.0
2925,3092,2.0
2926,547,1.7
2927,243,3.9
2928,7168,1.4
2929,7401,3.1
2930,8901,1.1
2931,6400,2.3
2932,6080,1.2
2933,6876,1.1
2934,5025,1.0
2935,3937,1.1
2936,7661,2.4
2937,6986,3.3
2938,1016,2.8
2939,7886,1.7
2940,2667,2.0
2941,2637,1.8
2942,5817,4.2
2943,1535,1.5
2944,6161,4.9
2945,3788,4.7
2946,1557,3.8
2947,4429,3.7
2948,753,2.5
2949,1209,4.3
2950,1582,4.7
2951,3573,3.0
2952,8199,2.5
2953,9208,2.8
2954,3558,2.5
2955,7769,3.9
2956,2314,3.9
2957,7558,2.4
2958,2799,2.6
2959,9041,3.8
2960,1478,4.1
2961,2292,3.0
2962,2923,4.8
2963,9971,1.0
2964,2010,1.2
2965,2334,4.5
2966,2551,3.3
2967,7476,2.7
2968,9632,3.3
2969,5627,2.0
2970,9688,4.6
2971,9352,3.7
2972,2181,1.5
2973,4557,4.4
2974,1506,3.0
2975,2774,4.4
2976,8462,1.1
2977,8573,4.9
2978,4276,2.6
2979,7576,3.7
2980,722,4.2
2981,3716,4.5
2982,4098,2.5
2983,8119,4.1
2984,9807,3.5
2985,6945,1.0
2986,196,2.8
2987,2902,3.3
2988,239,2.5
2989,7441,4.2
2990,9793,4.2
2991,825,4.5
2992,321,2.3
2993,2871,1.6
2994,8329,3.9
2995,8684,4.4
2996,5795,4.1
2997,9684,4.0
2998,549,3.7
2999,3146,1.7
3000,56,2.8
3001,7215,5.0
3002,7185,2.3
3003,4519,2.5
3004,2322,4.1
3005,9670,4.0
3006,6339,4.8
3007,4116,1.5
3008,2463,4.8
3009,201,2.6
3010,2908,3.9
3011,3384,3.3
3012,7881,3.7
3013,8730,3.7
3014,333,2.2
3015,8875,4.1
3016,90,2.9
3017,9211,1.8
3018,5489,1.7
3019,4819,1.9
3020,8406,4.6
3021,358,4.2
3022,476,1.3
3023,9170,4.4
3024,5908,2.7
3025,4465,3.6
3026,8969,4.8
3027,1101,4.7
3028,2510,2.5
3029,9862,2.4
3030,5545,4.1
3031,8270,3.7
3032,6841,2.7
3033,3299,1.6
3034,8108,4.9
3035,7430,4.3
3036,9209,1.4
3037,8436,2.1
3038,2819,2.3
3039,4235,1.6
3040,5260,3.9
3041,3411,4.5
3042,6746,1.4
3043,710,2.0
3044,5578,1.4
3045,7047,1.0
3046,3185,1.7
3047,1923,4.1
3048,6490,2.8
3049,3850,3.1
3050,2781,4.4
3051,3763,1.7
3052,9781,1.9
3053,30,2.1
3054,9143,3.3
3055,89,3.1
3056,2293,3.1
3057,1099,1.0
3058,3748,2.4
3059,6306,2.8
3060,6885,1.2
3061,765,1.0
3062,3033,3.1
3063,6252,1.8
3064,9427,4.3
3065,3025,4.6
3066,9116,2.1
3067,5603,4.5
3068,1242,2.5
3069,9837,4.2
3070,2634,4.4
3071,1288,2.0
3072,3068,1.8
3073,8789,2.0
3074,3048,4.1
3075,6463,4.0
3076,2157,4.2
3077,1462,3.1
3078,9627,4.3
3079,5539,4.6
3080,9467,1.1
3081,7465,2.2
3082,3160,3.8
3083,5475,4.6
3084,3423,1.5
3085,2895,4.3
3086,4755,2.7
3087,7968,1.5
3088,3433,4.5
3089,8881,4.2
3090,4198,4.2
3091,4844,2.0
3092,235,1.0
3093,6374,1.2
3094,458,2.6
3095,1047,2.7
3096,9268,2.4
3097,587,2.8
3098,1391,3.9
3099,1811,2.7
3100,3609,2.6
3101,306,2.6
3102,5123,3.4
3103,1501,3.7
3104,9454,1.1
3105,5187,3.2
3106,2129,3.2
3107,8509,3.5
3108,2549,4.0
3109,380,4.2
3110,2340,4.0
3111,9321,2.5
3112,8393,1.6
3113,5584,3.5
3114,5759,3.4
3115,8762,3.8
3116,6097,3.6
3117,3596,4.4
3118,5977,1.4
3119,4803,2.1
3120,8498,1.1
3121,3785,1.8
3122,8362,3.6
3123,2355,1.5
3124,6927,4.2
3125,9629,4.4
3126,8719,3.3
3127,9221,2.3
3128,934,2.0
3129,4486,4.4
3130,3894,3.9
3131,9920,2.5
3132,151,1.6
3133,2936,1.6
3134,743,1.1
3135,2873,2.8
3136,1113,4.2
3137,5901,3.1
3138,5523,4.9
3139,8321,2.4
3140,1396,1.3
3141,2561,1.9
3142,8760,1.5
3143,8271,2.2
3144,3725,1.7
3145,6564,1.2
3146,6411,1.9
3147,9487,4.3
3148,3111,4.8
3149,4120,3.2
3150,8158,2.9
3151,8168,1.8
3152,6852,4.1
3153,8705,1.4
3154,6702,1.4
3155,1447,4.3
3156,2431,3.5
3157,8333,4.7
3158,6124,1.3
3159,7676,1.5
3160,5142,2.2
3161,4767,1.9
3162,5197,3.9
3163,6754,1.5
3164,7172,1.9
3165,1624,2.5
3166,1879,2.2
3167,8596,1.7
3168,8149,3.2
3169,4647,3.9
3170,2885,2.1
3171,9880,3.6
3172,7758,3.0
3173,8337,4.3
3174,437,4.7
3175,109,4.7
3176,7984,3.2
3177,9795,2.0
3178,1447,2.1
3179,6102,4.1
3180,6415,4.6
3181,8378,2.2
3182,7083,2.0
3183,944,2.0
3184,158,1.1
3185,6565,4.2
3186,7333,2.6
3187,3574,1.4
3188,5959,3.5
3189,4920,4.2
3190,8308,1.4
3191,4178,3.4
3192,3224,3.8
3193,5778,1.2
3194,1956,4.9
3195,4216,4.4
3196,6134,2.4
3197,5393,2.2
3198,869,4.1
3199,5786,4.1
3200,506,2.6
3201,1030,4.3
3202,9027,1.5
3203,5352,5.0
3204,2717,4.5
3205,1474,2.0
3206,619,4.2
3207,7707,3.8
3208,1378,4.6
3209,1076,4.3
3210,2723,3.3
3211,6240,3.8
3212,1195,4.2
3213,5652,2.1
3214,2878,4.9
3215,4688,1.9
3216,8565,3.2
3217,4830,3.7
3218,2902,2.3
3219,5773,2.7
3220,5591,3.2
3221,5357,2.1
3222,6845,1.6
3223,7767,3.5
3224,5716,3.5
3225,5854,3.6
3226,5200,4.5
3227,213,2.7
3228,3199,3.7
3229,9581,5.0
3230,2896,2.1
3231,6863,2.6
3232,3301,3.7
3233,5286,3.7
3234,9517,3.9
3235,7915,1.2
3236,155,3.5
3237,2756,4.0
3238,946,4.4
3239,4848,3.6
3240,1254,4.4
3241,9643,3.5
3242,5051,4.0
3243,3975,1.6
3244,4489,4.6
3245,6219,4.2
3246,4692,2.8
3247,1851,3.5
3248,8187,1.1
3249,3757,4.5
3250,2434,3.9
3251,3049,4.0
3252,4117,3.3
3253,7517,1.1
3254,5887,1.5
3255,3972,1.6
3256,9596,3.3
3257,1919,2.9
3258,6875,2.0
3259,4325,2.2
3260,1724,3.5
3261,5496,3.7
3262,8567,3.2
3263,2011,4.0
3264,5501,2.2
3265,7912,3.6
3266,2961,3.0
3267,3429,2.6
3268,1241,1.6
3269,1586,4.9
3270,1258,3.2
3271,869,2.6
3272,8681,4.2
3273,9466,4.8
3274,4415,1.1
3275,4815,3.1
3276,136,4.4
3277,5612,1.3
3278,507,4.1
3279,7834,2.0
3280,3204,2.4
3281,7100,2.4
3282,1338,1.7
3283,2316,2.6
3284,1667,3.2
3285,2284,3.0
3286,7068,2.0
3287,4761,1.5
3288,3802,5.0
3289,5810,2.0
3290,9434,1.5
3291,1487,1.7
3292,437,3.8
3293,4471,3.2
3294,6713,2.4
3295,4094,4.0
3296,6016,3.5
3297,4929,1.8
3298,7708,2.6
3299,3991,1.3
3300,2280,4.1
3301,24,4.2
3302,2689,4.8
3303,7206,3.6
3304,9476,1.7
3305,1715,2.1
3306,3274,1.7
3307,6032,2.8
3308,1993,4.9
3309,867,2.6
3310,1182,2.3
3311,5951,4.3
3312,889,1.3
3313,5683,3.1
3314,7612,3.7
3315,9991,1.3
3316,6399,4.7
3317,8508,4.7
3318,4307,4.9
3319,7099,4.9
3320,289,3.6
3321,1233,3.0
3322,1865,2.7
3323,8294,3.8
3324,4735,1.7
3325,2062,1.5
3326,9553,4.2
3327,5212,3.0
3328,1954,2.2
3329,6352,2.9
3330,8284,1.8
3331,5673,2.5
3332,5274,1.7
3333,2282,2.9
3334,5675,3.7
3335,4267,4.0
3336,4038,1.9
3337,5920,1.6
3338,6156,3.5
3339,3393,2.7
3340,7879,1.6
3341,7241,1.9
3342,7871,1.5
3343,486,2.3
3344,4611,2.9
3345,7711,2.9
3346,9187,2.0
3347,7023,3.8
3348,4101,1.5
3349,5811,3.9
3350,1575,2.3
3351,9106,1.7
3352,3461,2.0
3353,5582,1.3
3354,2220,3.0
3355,7077,4.5
3356,6621,4.4
3357,5041,1.5
3358,133,4.4
3359,4583,4.7
3360,3257,1.8
3361,564,4.4
3362,6043,3.5
3363,6345,4.6
3364,4467,3.6
3365,74,1.5
3366,1143,1.6
3367,1327,1.7
3368,8243,4.5
3369,734,2.7
3370,2088,4.8
3371,2740,1.8
3372,597,2.2
3373,5225,5.0
3374,1818,3.1
3375,8263,1.9
3376,8314,2.1
3377,1667,1.1
3378,240,3.0
3379,9111,1.7
3380,4263,3.5
3381,5705,1.9
3382,954,1.1
3383,2002,2.8
3384,2810,1.3
3385,2613,3.0
3386,4104,1.1
3387,9647,2.8
3388,6316,1.3
3389,2361,2.3
3390,363,4.2
3391,6296,2.9
3392,8435,3.7
3393,5717,1.1
3394,6745,3.2
3395,8722,2.6
3396,6323,1.1
3397,6524,4.8
3398,2080,3.6
3399,6449,4.1
3400,8079,2.0
3401,6081,1.0
3402,7177,3.9
3403,9424,3.1
3404,5566,4.1
3405,6301,5.0
3406,2291,2.7
3407,1192,3.9
3408,584,4.4
3409,2310,4.7
3410,9551,4.2
3411,3756,3.9
3412,6771,4.5
3413,1466,2.8
3414,5860,2.3
3415,7457,3.7
3416,6851,4.7
3417,7482,3.1
3418,9877,3.5
3419,3325,4.7
3420,8980,4.4
3421,2815,4.4
3422,9001,4.1
3423,4201,4.5
3424,6776,2.3
3425,6835,2.8
3426,6416,1.2
3427,5020,4.1
3428,7880,3.9
3429,7032,4.6
3430,7605,2.1
3431,2624,3.0
3432,3018,4.1
3433,5504,2.2
3434,4420,4.7
3435,9840,1.1
3436,6996,4.2
3437,4695,1.3
3438,1612,2.4
3439,7289,4.7
3440,3054,2.3
3441,46,1.3
3442,2003,2.7
3443,9016,3.1
3444,8001,4.3
3445,9954,4.1
3446,6027,2.2
3447,3618,3.3
3448,2298,3.1
3449,413,4.9
3450,1366,1.2
3451,2545,4.4
3452,1486,2.7
3453,5358,1.5
3454,2525,3.4
3455,6996,2.5
3456,6208,4.6
3457,2033,1.8
3458,7692,3.3
3459,393,4.0
3460,6155,2.4
3461,8635,3.0
3462,8081,3.4
3463,9627,3.0
3464,110,2.7
3465,9877,3.1
3466,2535,4.6
3467,5906,2.1
3468,8767,3.1
3469,2937,1.7
3470,4060,2.0
3471,1466,4.2
3472,66,2.3
3473,482,3.7
3474,751,3.2
3475,426,1.3
3476,8544,4.0
3477,9704,3.9
3478,7758,4.7
3479,2193,4.5
3480,9027,3.7
3481,8631,3.7
3482,8833,3.7
3483,7322,1.5
3484,6289,3.1
3485,3187,3.3
3486,1576,1.6
3487,2489,1.7
3488,456,1.7
3489,7523,3.0
3490,1010,2.9
3491,4583,4.5
3492,313,1.9
3493,4536,4.7
3494,1035,2.2
3495,1460,4.1
3496,1608,4.3
3497,6444,2.2
3498,6080,1.1
3499,4315,4.5
3500,4899,4.3
3501,3098,4.3
3502,2849,1.3
3503,7548,2.8
3504,4589,3.1
3505,1702,1.5
3506,5753,3.5
3507,480,2.6
3508,665,4.3
3509,8944,1.7
3510,8920,4.1
3511,7171,1.9
3512,5258,3.6
3513,5152,3.4
3514,2891,4.0
3515,8717,4.1
3516,1743,2.2
3517,8722,3.7
3518,4660,3.6
3519,2815,4.9
3520,3800,1.7
3521,798,4.7
3522,5109,4.6
3523,6630,2.2
3524,8202,3.5
3525,8437,1.2
3526,7157,3.2
3527,8586,4.4
3528,2290,4.9
3529,9273,4.7
3530,7448,1.7
3531,4713,3.2
3532,7458,1.9
3533,1843,4.5
3534,7023,4.5
3535,7931,3.7
3536,3746,4.7
3537,4847,4.0
3538,4667,2.1
3539,5871,4.3
3540,8830,1.4
3541,1439,4.2
3542,9222,4.8
3543,7537,2.3
3544,3791,1.3
3545,6403,4.5
3546,2648,2.5
3547,1033,3.8
3548,5403,1.1
3549,5500,3.0
3550,1423,1.9
3551,2098,3.8
3552,8852,4.0
3553,3661,4.6
3554,6094,3.9
3555,430,1.2
3556,5908,2.7
3557,3358,2.3
3558,9154,3.3
3559,5224,2.7
3560,5756,4.8
3561,9803,2.8
3562,2499,4.1
3563,6391,1.7
3564,8911,1.5
3565,3921,2.7
3566,3404,1.6
3567,4425,1.9
3568,8895,3.4
3569,309,2.3
3570,466,3.9
3571,943,3.6
3572,7515,3.0
3573,8252,4.1
3574,7035,4.4
3575,307,2.2
3576,8797,2.6
3577,658,4.2
3578,8832,3.8
3579,4959,4.3
3580,9939,4.0
3581,5754,4.2
3582,7342,4.3
3583,5298,4.3
3584,3707,2.6
3585,6737,1.4
3586,8245,2.4
3587,2456,2.1
3588,333,3.9
3589,4159,3.3
3590,9815,1.6
3591,8349,4.9
3592,7639,1.4
3593,9411,4.6
3594,5955,2.0
3595,4032,1.9
3596,8767,1.6
3597,7609,1.5
3598,4876,2.2
3599,1433,4.2
3600,7017,2.2
3601,5787,3.6
3602,2550,1.4
3603,3866,3.4
3604,1296,3.4
3605,4496,3.0
3606,1360,3.4
3607,1101,3.0
3608,7970,1.2
3609,4434,2.7
3610,2391,4.9
3611,361,1.6
3612,7342,2.6
3613,2389,3.6
3614,4908,4.8
3615,4262,4.9
3616,4920,4.1
3617,3254,4.8
3618,440,1.8
3619,4920,4.4
3620,3895,2.1
3621,2724,1.3
3622,3304,1.5
3623,4071,4.9
3624,8836,3.1
3625,2019,4.2
3626,4696,4.6
3627,9497,2.0
3628,3024,2.8
3629,9696,4.3
3630,6521,3.6
3631,1388,1.1
3632,7546,4.1
3633,3237,4.4
3634,3072,2.4
3635,6752,1.6
3636,8191,3.8
3637,9809,4.2
3638,9531,2.9
3639,2148,2.8
3640,665,1.3
3641,4645,1.5
3642,9773,4.3
3643,7693,2.1
3644,1265,4.6
3645,2255,2.3
3646,2603,3.6
3647,6109,2.7
3648,3894,2.9
3649,7873,4.9
3650,7512,2.0
3651,3928,2.1
3652,7753,3.7
3653,6472,2.4
3654,8551,4.5
3655,4398,1.1
3656,4849,4.9
3657,5710,5.0
3658,7446,2.7
3659,4129,3.3
3660,6218,4.6
3661,6651,3.6
3662,2995,2.6
3663,535,4.6
3664,3593,3.8
3665,3859,2.7
3666,4180,3.1
3667,324,4.3
3668,3717,4.6
3669,4747,4.5
3670,668,2.4
3671,4501,5.0
3672,3903,2.5
3673,9366,1.6
3674,1730,2.2
3675,4546,2.9
3676,5688,2.3
3677,1564,1.4
3678,4727,4.5
3679,6089,4.7
3680,3941,5.0
3681,1856,1.3
3682,6436,3.2
3683,2477,5.0
3684,4191,4.2
3685,6942,1.1
3686,5517,2.5
3687,2130,1.9
3688,2248,4.1
3689,3624,1.7
3690,4448,2.3
3691,1832,1.5
3692,4742,3.1
3693,2704,1.7
3694,2441,2.4
3695,4770,2.4
3696,8580,3.6
3697,4703,4.0
3698,6664,1.7
3699,6051,1.4
3700,2708,4.2
3701,7276,2.0
3702,7091,1.1
3703,5484,2.9
3704,7984,1.7
3705,252,4.3
3706,1703,1.0
3707,330,2.5
3708,3089,4.9
3709,945,4.8
3710,2288,1.7
3711,311,2.1
3712,8014,4.6
3713,7941,1.4
3714,9660,1.4
3715,2160,1.4
3716,1734,4.8
3717,6187,2.2
3718,2416,2.4
3719,3858,1.3
3720,3077,2.5
3721,1682,3.7
3722,1701,3.9
3723,6698,3.6
3724,9393,2.9
3725,5967,4.5
3726,4618,2.8
3727,3505,1.7
3728,5067,3.5
3729,7431,3.1
3730,2535,3.0
3731,8646,1.6
3732,3512,3.1
3733,2282,3.6
3734,7031,2.1
3735,4649,2.5
3736,4969,3.1
3737,3682,1.6
3738,7332,1.2
3739,5720,3.6
3740,4250,4.2
3741,8397,1.1
3742,23,3.9
3743,1839,2.7
3744,6930,2.6
3745,7159,4.1
3746,3511,2.2
3747,6270,1.8
3748,4886,4.7
3749,9290,2.1
3750,830,3.9
3751,5023,4.4
3752,474,4.1
3753,4406,3.9
3754,2708,2.0
3755,3472,1.1
3756,2589,1.2
3757,5855,1.3
3758,4498,2.8
3759,9571,4.9
3760,9848,4.4
3761,325,1.7
3762,5968,2.0
3763,1691,4.7
3764,9576,4.7
3765,9259,4.6
3766,1572,1.4
3767,71,1.9
3768,3382,4.1
3769,3308,1.8
3770,2414,1.3
3771,502,3.5
3772,6017,1.0
3773,7443,5.0
3774,4968,1.4
3775,7599,3.7
3776,7785,3.6
3777,4869,3.1
3778,2509,2.9
3779,1247,2.7
3780,818,2.5
3781,5934,1.2
3782,9606,1.2
3783,8402,2.1
3784,254,4.0
3785,8239,1.9
3786,2803,1.1
3787,1342,2.9
3788,2527,4.5
3789,460,1.1
3790,6187,1.3
3791,4017,1.8
3792,7813,2.6
3793,9440,4.4
3794,9432,1.5
3795,825,3.6
3796,6945,3.7
3797,6140,1.4
3798,7024,4.8
3799,9190,5.0
3800,735,2.5
3801,7337,1.8
3802,545,1.2
3803,6331,1.7
3804,7844,3.4
3805,2600,4.9
3806,658,1.6
3807,8413,4.2
3808,243,4.5
3809,7013,1.5
3810,8302,3.6
3811,9476,2.5
3812,6507,4.3
3813,9369,2.3
3814,7240,3.6
3815,4264,2.1
3816,6993,1.4
3817,3658,4.6
3818,8889,1.0
3819,7036,4.8
3820,1,4.2
3821,4560,3.4
3822,9334,1.3
3823,901,3.0
3824,7349,4.1
3825,5299,2.2
3826,9641,3.8
3827,8348,4.5
3828,7552,2.5
3829,940,1.8
3830,1595,4.7
3831,6663,1.5
3832,8767,2.8
3833,7006,5.0
3834,4147,2.4
3835,1572,4.6
3836,6082,4.1
3837,109,3.7
3838,1857,3.9
3839,374,4.2
3840,9759,1.8
3841,1420,1.5
3842,1326,3.1
3843,2553,1.4
3844,659,3.6
3845,8141,5.0
3846,1427,2.6
3847,8867,4.0
3848,77,4.3
3849,2995,1.2
3850,4592,4.7
3851,6589,4.1
3852,4043,3.9
3853,2727,4.2
3854,4055,3.5
3855,708,2.4
3856,936,3.2
3857,1573,3.1
3858,6410,2.1
3859,3945,3.8
3860,4595,4.7
3861,5291,1.0
3862,8418,4.8
3863,2211,2.7
3864,3651,1.5
3865,9182,2.2
3866,741,3.7
3867,9747,1.7
3868,2684,3.7
3869,9846,1.4
3870,9108,4.5
3871,9748,2.0
3872,579,2.4
3873,8550,4.6
3874,7163,4.9
3875,4470,1.2
3876,1420,2.0
3877,6650,4.6
3878,5311,2.4
3879,6489,2.3
3880,7529,2.2
3881,8846,4.7
3882,8505,1.8
3883,9170,3.2
3884,7472,1.8
3885,9388,3.9
3886,2504,2.5
3887,1871,4.4
3888,6664,3.4
3889,9470,1.2
3890,814,1.4
3891,9190,4.1
3892,6359,2.6
3893,4644,1.8
3894,9880,3.9
3895,778,1.6
3896,8517,3.6
3897,1682,1.4
3898,1138,3.6
3899,7263,4.8
3900,5069,3.9
3901,238,1.9
3902,5757,4.4
3903,4971,1.3
3904,6738,2.0
3905,6007,1.4
3906,4008,4.6
3907,515,2.9
3908,1713,3.3
3909,7289,3.8
3910,8239,4.4
3911,426,4.1
3912,2807,4.1
3913,3414,2.3
3914,7212,2.3
3915,8711,1.3
3916,5025,2.5
3917,1881,2.0
3918,3111,2.8
3919,6036,1.2
3920,3868,4.0
3921,8551,2.1
3922,6516,4.2
3923,5396,2.7
3924,1111,1.4
3925,1633,4.6
3926,1682,2.3
3927,8243,2.0
3928,1512,1.7
3929,5583,3.3
3930,6925,4.7
3931,6091,1.2
3932,8441,3.6
3933,4672,2.4
3934,6133,4.9
3935,9922,3.0
3936,4756,2.5
3937,2139,5.0
3938,923,3.6
3939,7327,3.4
3940,4398,4.1
3941,8393,3.4
3942,137,3.7
3943,242,1.6
3944,8279,4.5
3945,8802,4.4
3946,5929,4.5
3947,1030,1.1
3948,9193,2.9
3949,4429,2.8
3950,6948,4.3
3951,336,3.4
3952,9122,1.2
3953,6805,1.9
3954,765,4.7
3955,1037,1.4
3956,9844,4.4
3957,8613,2.7
3958,3801,1.6
3959,7180,1.5
3960,6840,3.9
3961,5268,3.9
3962,5862,4.5
3963,6106,3.6
3964,7729,1.7
3965,6850,1.8
3966,2620,4.3
3967,5476,1.2
3968,6589,3.3
3969,3304,3.7
3970,818,4.8
3971,1995,2.9
3972,2697,4.5
3973,8910,2.1
3974,2027,2.5
3975,2566,4.4
3976,9435,1.9
3977,3017,2.2
3978,4369,4.2
3979,971,1.8
3980,971,2.9
3981,8438,2.0
3982,3391,4.9
3983,8708,1.6
3984,3730,1.5
3985,5433,4.4
3986,915,2.3
3987,7627,1.9
3988,7841,3.2
3989,5948,4.9
3990,3696,4.8
3991,2678,2.4
3992,8106,5.0
3993,5799,3.2
3994,3655,1.8
3995,7872,2.8
3996,5408,1.3
3997,1019,3.4
3998,8221,1.2
3999,5588,4.8
4000,9571,3.5
4001,3501,4.0
4002,8221,3.6
4003,6441,2.5
4004,1565,4.3
4005,39,1.4
4006,1299,4.9
4007,1530,2.4
4008,9894,4.2
4009,8226,1.8
4010,1866,3.7
4011,5107,3.9
4012,6103,4.3
4013,9784,1.2
4014,8381,1.3
4015,4448,1.3
4016,4509,3.2
4017,7567,1.1
4018,4472,4.9
4019,3240,2.5
4020,8780,3.7
4021,3620,3.9
4022,7773,3.6
4023,470,3.6
4024,4389,2.4
4025,2790,3.5
4026,1448,2.0
4027,8014,2.2
4028,676,4.0
4029,1160,3.3
4030,9026,1.7
4031,3433,4.7
4032,2389,4.7
4033,1717,4.4
4034,4208,2.4
4035,9362,4.0
4036,7127,5.0
4037,5098,1.2
4038,9792,4.3
4039,9160,3.7
4040,4585,3.6
4041,5326,3.5
4042,9872,2.2
4043,9153,3.7
4044,5746,4.0
4045,4683,3.4
4046,3473,4.1
4047,9056,3.6
4048,8280,2.1
4049,4387,1.4
4050,6759,2.5
4051,2057,1.4
4052,5742,3.3
4053,6130,2.9
4054,2296,2.8
4055,4221,4.6
4056,6977,3.7
4057,1082,4.3
4058,8225,3.5
4059,5425,1.5
4060,388,3.1
4061,9502,2.5
4062,7084,2.2
4063,3959,2.6
4064,1002,3.2
4065,8267,2.1
4066,9106,4.7
4067,6852,3.6
4068,4106,4.9
4069,7096,4.2
4070,8957,2.7
4071,1224,4.0
4072,8592,5.0
4073,154,4.4
4074,9644,3.0
4075,8362,3.1
4076,1686,2.7
4077,4840,3.8
4078,4134,1.7
4079,1534,1.1
4080,4754,2.6
4081,8547,4.9
4082,9263,3.7
4083,8173,3.8
4084,2496,1.8
4085,6046,3.6
4086,5123,1.8
4087,1785,2.1
4088,9332,2.3
4089,211,1.3
4090,1080,4.1
4091,7961,2.2
4092,4389,3.7
4093,2705,1.5
4094,3225,2.5
4095,3600,1.1
4096,3284,4.7
4097,6077,4.3
4098,8460,3.5
4099,315,4.2
4100,7199,4.4
4101,6353,3.5
4102,8025,1.1
4103,494,4.1
4104,7367,2.5
4105,5342,3.5
4106,4375,1.8
4107,7571,2.3
4108,3238,4.8
4109,1859,3.9
4110,2331,4.9
4111,8410,2.1
4112,1420,4.5
4113,2404,2.2
4114,2409,3.1
4115,1828,1.2
4116,2188,2.0
4117,5177,1.1
4118,3752,4.0
4119,3856,1.9
4120,7294,4.9
4121,1156,3.3
4122,3878,3.9
4123,4595,1.6
4124,1828,4.5
4125,7988,1.1
4126,3729,4.8
4127,2960,1.4
4128,643,1.1
4129,6603,3.6
4130,1456,3.6
4131,3279,3.2
4132,2802,4.7
4133,9838,2.1
4134,1718,4.3
4135,9069,2.8
4136,4456,3.4
4137,1270,2.2
4138,6742,4.7
4139,4171,4.5
4140,3324,3.9
4141,3705,5.0
4142,8042,2.7
4143,9923,3.4
4144,2445,4.3
4145,204,2.2
4146,9823,4.3
4147,2673,3.0
4148,366,2.9
4149,3559,2.6
4150,4638,2.7
4151,1175,1.3
4152,1441,1.6
4153,8457,2.9
4154,2417,2.5
4155,464,4.7
4156,7289,4.5
4157,5184,4.3
4158,5902,1.2
4159,1139,4.4
4160,9411,3.4
4161,6543,4.3
4162,3705,1.5
4163,3216,2.7
4164,4546,1.5
4165,4704,3.5
4166,6179,2.4
4167,8535,4.5
4168,7424,4.5
4169,9346,3.3
4170,4243,2.7
4171,2066,4.0
4172,4444,3.3
4173,7915,3.1
4174,928,3.3
4175,8080,4.8
4176,5505,1.4
4177,8523,3.0
4178,1179,3.8
4179,1943,1.9
4180,1450,3.2
4181,5201,2.2
4182,3796,1.3
4183,9433,1.2
4184,9710,1.5
4185,4012,3.3
4186,8379,4.2
4187,4065,2.4
4188,165,2.8
4189,3169,3.9
4190,1627,1.6
4191,8843,4.7
4192,8845,4.9
4193,1128,3.3
4194,1394,2.4
4195,6197,2.5
4196,7499,1.3
4197,6647,2.7
4198,1789,3.4
4199,4047,1.0
4200,4925,2.0
4201,4336,4.8
4202,5382,1.3
4203,2457,4.4
4204,887,5.0
4205,2309,1.4
4206,9307,4.6
4207,354,4.9
4208,2886,4.2
4209,6723,4.5
4210,2923,3.9
4211,7350,2.4
4212,2601,2.7
4213,8685,4.2
4214,1148,1.3
4215,2303,1.2
4216,3469,4.5
4217,5658,4.8
4218,8497,4.8
4219,3482,4.7
4220,5815,1.3
4221,5768,4.5
4222,4601,3.7
4223,6396,3.4
4224,3170,2.1
4225,9096,2.9
4226,3085,1.8
4227,5904,1.2
4228,7640,3.7
4229,102,1.5
4230,5168,3.6
4231,9606,2.0
4232,3607,4.5
4233,1751,4.9
4234,2533,1.7
4235,3073,1.9
4236,4725,3.5
4237,8195,2.6
4238,9704,3.2
4239,8865,4.7
4240,8976,3.2
4241,7669,2.5
4242,587,3.2
4243,1764,2.2
4244,7672,4.1
4245,1137,4.0
4246,453,3.1
4247,7073,4.5
4248,3954,4.8
4249,5360,3.8
4250,5815,2.2
4251,9651,2.8
4252,7540,2.0
4253,884,2.5
4254,5385,2.0
4255,4251,2.4
4256,4588,1.3
4257,6456,3.2
4258,1872,3.9
4259,7009,3.8
4260,5986,4.2
4261,7652,4.0
4262,819,4.7
4263,6515,4.3
4264,7495,3.1
4265,1032,2.1
4266,5974,4.4
4267,2309,2.2
4268,9783,3.1
4269,1454,3.6
4270,1798,3.6
4271,8346,2.1
4272,1073,1.4
4273,3577,3.2
4274,3003,2.2
4275,5693,2.7
4276,5240,3.8
4277,2600,4.5
4278,7933,3.3
4279,1353,4.8
4280,5714,2.8
4281,184,1.7
4282,6456,3.6
4283,1967,1.3
4284,8783,3.3
4285,3955,1.3
4286,5852,3.4
4287,9920,4.7
4288,415,1.1
4289,2243,4.9
4290,9029,3.6
4291,202,3.2
4292,5534,1.8
4293,2791,2.2
4294,5781,2.8
4295,4344,4.6
4296,914,2.9
4297,9295,4.4
4298,7249,1.1
4299,6684,2.4
4300,2494,1.2
4301,8937,1.1
4302,4105,1.4
4303,1194,4.3
4304,3048,3.9
4305,3348,4.0
4306,5690,4.8
4307,2285,1.8
4308,5402,4.6
4309,1500,1.5
4310,2428,2.5
4311,4374,4.8
4312,7244,5.0
4313,1653,3.5
4314,8221,3.5
4315,495,2.3
4316,7854,4.5
4317,999,3.5
4318,8209,1.6
4319,3027,1.4
4320,444,3.2
4321,1708,2.0
4322,5024,2.8
4323,1861,3.7
4324,9081,3.7
4325,5692,3.3
4326,6038,4.4
4327,384,4.5
4328,8884,4.8
4329,9218,2.8
4330,7183,4.8
4331,4021,3.4
4332,9092,2.3
4333,2924,3.4
4334,7520,1.0
4335,6356,4.4
4336,1027,4.9
4337,4839,1.3
4338,884,3.9
4339,4072,1.4
4340,3524,3.6
4341,4147,3.8
4342,5751,3.1
4343,2848,2.7
4344,253,1.3
4345,5722,1.4
4346,686,4.0
4347,9528,3.8
4348,8714,3.4
4349,2221,4.6
4350,4091,3.4
4351,6037,4.3
4352,9890,3.5
4353,1517,2.1
4354,5062,2.2
4355,1258,1.3
4356,4119,2.1
4357,6810,2.0
4358,1463,4.6
4359,7437,2.0
4360,5525,1.5
4361,633,4.0
4362,2145,4.8
4363,6238,2.9
4364,4288,4.2
4365,8937,2.9
4366,685,3.9
4367,1248,3.1
4368,3821,3.3
4369,9589,2.3
4370,1395,3.9
4371,2752,3.5
4372,5479,2.3
4373,734,4.5
4374,8237,2.4
4375,3082,4.5
4376,3740,2.7
4377,6883,2.7
4378,2793,4.7
4379,1615,4.2
4380,7588,1.5
4381,9357,2.1
4382,706,2.7
4383,6553,5.0
4384,4670,3.9
4385,7222,1.8
4386,2894,3.5
4387,8230,3.3
4388,6361,1.5
4389,2321,2.7
4390,6092,4.5
4391,2907,2.3
4392,183,2.3
4393,6546,1.2
4394,8465,3.5
4395,6147,3.5
4396,6834,4.1
4397,358,1.4
4398,2494,1.8
4399,5041,3.4
4400,4282,2.3
4401,6360,2.7
4402,7469,3.3
4403,9571,1.5
4404,7121,3.2
4405,8076,1.1
4406,8133,1.2
4407,7532,3.4
4408,5859,2.0
4409,4313,3.7
4410,3374,1.1
4411,3966,1.1
4412,9589,4.1
4413,9519,2.8
4414,1465,2.0
4415,4905,4.8
4416,6454,4.0
4417,8758,1.4
4418,4139,4.3
4419,4197,3.1
4420,6404,4.7
4421,6699,4.5
4422,5871,2.7
4423,1382,3.9
4424,4193,1.3
4425,8244,2.6
4426,1185,3.6
4427,9021,2.5
4428,353,3.4
4429,2071,1.1
4430,5909,5.0
4431,944,4.1
4432,3673,3.7
4433,5698,2.8
4434,4830,4.7
4435,3191,3.4
4436,7107,2.3
4437,1854,2.3
4438,1511,3.5
4439,2319,1.3
4440,4400,3.0
4441,663,4.9
4442,1529,4.5
4443,5970,2.3
4444,3944,4.0
4445,60,3.4
4446,8099,4.7
4447,3887,2.0
4448,3761,2.7
4449,1973,1.2
4450,4780,3.9
4451,7589,4.2
4452,8963,3.9
4453,8953,4.0
4454,8438,2.9
4455,5145,1.1
4456,3541,2.8
4457,6033,4.5
4458,364,2.6
4459,9987,4.8
4460,9348,4.5
4461,4919,4.0
4462,3398,1.8
4463,1142,4.0
4464,2806,2.5
4465,7035,3.1
4466,3063,4.8
4467,4315,3.5
4468,6909,3.7
4469,6811,2.8
4470,1253,1.4
4471,876,3.4
4472,26,2.8
4473,9682,4.4
4474,2452,1.5
4475,2669,1.1
4476,8186,2.6
4477,3749,3.6
4478,592,3.5
4479,5398,4.9
4480,410,3.5
4481,8345,4.5
4482,7962,3.1
4483,5055,1.8
4484,7017,4.0
4485,5743,4.0
4486,9349,1.2
4487,4915,4.0
4488,9604,3.6
4489,8585,2.3
4490,8282,3.5
4491,6256,4.8
4492,8822,2.2
4493,2525,2.3
4494,872,4.1
4495,6532,3.2
4496,6620,2.1
4497,1541,4.4
4498,8242,4.7
4499,6289,1.9
4500,6102,4.4
4501,7750,3.9
4502,7229,4.2
4503,3594,1.5
4504,1633,2.3
4505,3656,4.7
4506,1163,4.2
4507,1043,1.6
4508,6522,2.2
4509,5419,1.9
4510,43,4.2
4511,2668,3.3
4512,3499,3.4
4513,33,1.0
4514,1436,2.2
4515,4140,2.3
4516,1377,2.0
4517,1274,3.6
4518,1782,3.7
4519,6044,4.4
4520,9237,4.7
4521,4139,4.7
4522,9541,3.4
4523,3779,3.8
4524,7569,3.8
4525,5515,3.1
4526,9713,1.1
4527,3325,3.5
4528,9534,4.2
4529,4914,1.2
4530,4580,2.6
4531,8474,4.2
4532,8413,4.5
4533,2698,3.8
4534,1851,4.9
4535,6463,2.1
4536,1902,2.0
4537,8467,3.2
4538,5033,4.6
4539,428,1.4
4540,2590,3.1
4541,9927,3.7
4542,5413,2.0
4543,771,2.6
4544,1855,1.1
4545,9054,2.6
4546,9433,2.4
4547,9756,3.8
4548,945,4.1
4549,1925,3.9
4550,7075,1.9
4551,9161,1.8
4552,827,4.9
4553,5061,2.5
4554,7498,3.2
4555,3401,1.6
4556,7433,4.8
4557,267,1.8
4558,8014,4.5
4559,9463,3.2
4560,2743,4.4
4561,2264,1.4
4562,3917,2.0
4563,5162,2.0
4564,2067,4.0
4565,3096,2.5
4566,5533,4.3
4567,2413,4.5
4568,343,2.5
4569,2825,3.3
4570,9662,4.6
4571,6220,4.4
4572,5889,3.2
4573,4614,1.2
4574,6623,2.6
4575,1555,1.1
4576,7470,1.6
4577,3443,1.6
4578,4779,3.7
4579,6596,3.4
4580,4007,1.1
4581,9780,3.5
4582,8896,4.6
4583,7465,2.7
4584,7757,4.2
4585,3307,2.9
4586,8372,2.0
4587,7021,3.6
4588,854,4.9
4589,5392,1.6
4590,2794,2.1
4591,3373,1.7
4592,7010,1.3
4593,6115,3.1
4594,7146,3.2
4595,9084,4.8
4596,1157,1.2
4597,5910,1.5
4598,9737,2.6
4599,6064,2.0
4600,4498,3.7
4601,3022,3.3
4602,1078,2.2
4603,9074,2.8
4604,4016,2.3
4605,4248,3.4
4606,9348,1.0
4607,2842,2.0
4608,7695,4.7
4609,9914,3.5
4610,7292,3.5
4611,3698,3.5
4612,8167,2.6
4613,4678,2.7
4614,2732,2.5
4615,5142,2.8
4616,8100,3.0
4617,5112,1.7
4618,6405,1.5
4619,4563,1.4
4620,2428,1.1
4621,923,1.1
4622,2859,3.4
4623,8036,4.6
4624,889,2.3
4625,221,1.6
4626,374,4.7
4627,2102,3.8
4628,8540,4.6
4629,7173,4.9
4630,2889,1.9
4631,8846,4.1
4632,5727,2.2
4633,7043,4.3
4634,9900,4.1
4635,4006,2.9
4636,7452,4.5
4637,2464,3.1
4638,532,2.7
4639,965,3.3
4640,6651,2.6
4641,1828,4.5
4642,7706,3.1
4643,2433,2.5
4644,8114,1.9
4645,6384,1.2
4646,819,3.3
4647,3863,4.8
4648,5272,3.5
4649,1165,3.5
4650,4281,3.2
4651,1473,2.2
4652,3471,3.3
4653,3405,1.3
4654,1669,4.9
4655,6517,4.9
4656,7405,2.8
4657,5495,4.6
4658,1983,2.4
4659,7085,4.7
4660,7070,2.3
4661,6909,2.0
4662,8212,4.8
4663,7458,4.8
4664,6185,4.4
4665,6524,1.8
4666,8525,2.7
4667,8271,3.7
4668,3653,3.8
4669,812,3.9
4670,3606,2.8
4671,2384,3.4
4672,1248,2.1
4673,8013,3.9
4674,9171,3.9
4675,4455,4.3
4676,9829,1.9
4677,1585,3.5
4678,7007,1.5
4679,8648,2.2
4680,3023,1.9
4681,456,4.6
4682,2320,4.7
4683,9511,5.0
4684,9211,3.4
4685,5697,2.7
4686,2711,3.5
4687,4797,4.7
4688,4195,3.1
4689,7107,2.3
4690,9387,4.4
4691,794,1.5
4692,9182,2.0
4693,9817,3.8
4694,1728,2.2
4695,5980,2.8
4696,1234,2.8
4697,8272,1.5
4698,1659,4.0
4699,2544,1.3
4700,7801,3.6
4701,1529,3.9
4702,5644,1.6
4703,2480,4.5
4704,2866,3.1
4705,6126,2.8
4706,7185,3.0
4707,4873,2.2
4708,6278,3.7
4709,883,3.2
4710,4750,3.7
4711,7479,2.5
4712,157,1.2
4713,9756,1.0
4714,9863,1.1
4715,8842,3.2
4716,7706,1.8
4717,6577,2.5
4718,7804,2.9
4719,4846,2.9
4720,9675,4.9
4721,1617,4.2
4722,7451,3.0
4723,4120,1.6
4724,1406,3.8
4725,283,1.0
4726,3890,4.9
4727,5275,4.0
4728,4672,3.4
4729,763,1.9
4730,8158,1.1
4731,2740,3.6
4732,3153,3.2
4733,3541,4.9
4734,2042,4.1
4735,7957,1.9
4736,5380,2.8
4737,4635,4.0
4738,1819,2.2
4739,4102,4.0
4740,51,1.7
4741,8973,4.6
4742,5561,2.6
4743,7080,2.4
4744,7409,2.7
4745,2849,4.5
4746,9663,2.7
4747,3644,4.9
4748,5160,4.4
4749,6942,1.6
4750,3098,3.7
4751,1353,4.8
4752,5445,2.7
4753,8724,2.3
4754,3714,1.4
4755,8923,4.7
4756,3664,2.4
4757,4248,4.9
4758,8793,4.5
4759,3563,1.5
4760,5680,3.9
4761,8329,2.4
4762,2161,3.7
4763,3192,1.3
4764,5663,5.0
4765,4026,3.9
4766,2699,3.8
4767,1429,4.2
4768,1251,4.8
4769,3892,1.0
4770,5063,1.8
4771,2677,3.8
4772,1444,4.1
4773,5166,3.2
4774,9598,2.4
4775,219,3.6
4776,7838,3.0
4777,4596,3.7
4778,6270,1.3
4779,8215,2.1
4780,1670,4.2
4781,3960,3.9
4782,8332,3.8
4783,294,2.5
4784,8504,3.5
4785,1462,2.6
4786,9937,4.4
4787,501,4.0
4788,8899,4.5
4789,615,4.0
4790,5046,2.1
4791,8373,1.2
4792,9029,1.4
4793,2257,3.6
4794,3021,4.5
4795,8447,1.0
4796,2833,3.3
4797,7554,4.5
4798,4946,2.7
4799,7352,3.3
4800,4060,2.7
4801,866,1.1
4802,902,1.1
4803,2818,4.5
4804,2801,3.2
4805,9580,5.0
4806,8981,4.0
4807,5444,3.9
4808,5805,3.1
4809,1757,4.9
4810,719,1.7
4811,6312,3.6
4812,9522,2.7
4813,9693,1.9
4814,2782,3.9
4815,9035,1.9
4816,7241,4.1
4817,7185,1.6
4818,9654,1.6
4819,9715,4.4
4820,6152,3.7
4821,2935,4.1
4822,5008,2.3
4823,2180,1.6
4824,3942,1.8
4825,9412,4.4
4826,5517,1.3
4827,4244,3.2
4828,5823,3.0
4829,9570,2.1
4830,5073,1.1
4831,2943,1.3
4832,8524,3.1
4833,9452,4.1
4834,6256,1.7
4835,4826,3.4
4836,867,4.3
4837,911,1.5
4838,463,1.7
4839,3002,1.9
4840,2101,3.5
4841,2743,2.5
4842,6858,3.2
4843,958,2.8
4844,833,1.5
4845,1894,2.6
4846,7480,4.7
4847,1908,2.9
4848,6026,2.1
4849,1095,2.3
4850,9527,2.1
4851,6576,4.9
4852,2996,1.9
4853,1177,4.4
4854,7026,4.2
4855,6466,3.7
4856,6137,3.3
4857,504,1.6
4858,19,4.2
4859,6827,4.2
4860,8591,1.6
4861,4810,4.9
4862,2777,1.5
4863,3539,1.7
4864,4737,1.8
4865,5894,4.1
4866,2002,4.3
4867,7354,3.5
4868,2953,3.1
4869,4621,1.8
4870,8393,2.4
4871,5390,5.0
4872,825,2.3
4873,8605,3.9
4874,8307,1.9
4875,5703,3.6
4876,857,1.8
4877,315,4.6
4878,3015,1.4
4879,3629,5.0
4880,8424,5.0
4881,3944,2.3
4882,4232,3.6
4883,4556,4.8
4884,9513,1.3
4885,3475,3.4
4886,5318,2.3
4887,7776,4.7
4888,6480,1.6
4889,8304,1.8
4890,442,2.9
4891,2921,2.6
4892,6586,3.1
4893,7583,3.8
4894,5846,1.7
4895,6487,2.5
4896,1816,2.0
4897,9510,4.2
4898,1923,2.0
4899,6380,4.0
4900,5912,4.7
4901,8240,2.3
4902,4679,2.4
4903,1209,4.7
4904,796,3.0
4905,4296,1.6
4906,6262,3.8
4907,3310,2.8
4908,5928,4.0
4909,6442,2.7
4910,5266,3.5
4911,6310,4.2
4912,585,3.6
4913,5716,3.1
4914,7886,4.1
4915,2967,3.8
4916,8944,1.6
4917,4336,4.4
4918,2838,2.1
4919,5170,2.2
4920,170,4.9
4921,3764,2.7
4922,2327,3.4
4923,5701,2.5
4924,8709,2.7
4925,8895,2.4
4926,7744,2.7
4927,3048,3.9
4928,8347,4.8
4929,6555,2.7
4930,8806,3.8
4931,843,1.2
4932,1350,5.0
4933,1995,3.9
4934,9371,2.0
4935,4081,3.2
4936,4700,1.7
4937,556,3.7
4938,4823,3.8
4939,8808,2.4
4940,6744,1.7
4941,195,1.4
4942,6896,1.5
4943,5061,1.3
4944,8944,4.2
4945,5882,4.9
4946,4149,1.5
4947,8800,1.7
4948,8000,4.5
4949,9386,4.4
4950,774,2.2
4951,2031,3.4
4952,8594,4.0
4953,1257,2.7
4954,8292,3.1
4955,3907,1.9
4956,5872,1.6
4957,6639,2.9
4958,5264,1.7
4959,5297,4.5
4960,5906,2.6
4961,4969,2.3
4962,5493,2.7
4963,4192,5.0
4964,8923,2.3
4965,4981,3.7
4966,2617,4.2
4967,2928,4.8
4968,6639,3.2
4969,3237,4.9
4970,3061,3.6
4971,5604,4.7
4972,1043,3.8
4973,1661,2.9
4974,2925,3.5
4975,4040,4.5
4976,2102,4.4
4977,5513,3.9
4978,7464,4.3
4979,2367,3.7
4980,1838,1.7
4981,7013,4.9
4982,5974,1.1
4983,2565,4.8
4984,9927,2.5
4985,2059,3.3
4986,7942,2.7
4987,6887,2.4
4988,1410,1.7
4989,9233,1.5
4990,1026,1.1
4991,3554,1.1
4992,8888,4.8
4993,6499,1.9
4994,9108,1.4
4995,9983,3.7
4996,6066,4.3
4997,9677,1.9
4998,9933,2.5
4999,255,3.1
5000,3822,4.7
